Name,ID,MF_0,MF_1,MF_2,MF_3,MF_4,MF_5,MF_6,MF_7,MF_8,MF_9,MF_10,MF_11,MF_12,MF_13,MF_14,MF_15,MF_16,MF_17,MF_18,MF_19,MF_20,MF_21,MF_22,MF_23,MF_24,MF_25,MF_26,MF_27,MF_28,Reaction_CO_1.5h,Reaction_CO_7.5h,Reaction_CO_biphenyl,Reaction_CO_ortho,Reaction_CO_Cl,Reaction_CS,Reaction_CN,Reaction_2+2,Yield
4CzIPN,OPS1,-0.635023209,0.10277713,-3.632377961,2.975750228,6.577819989,-0.644171069,0.410123708,0.020175988,1.045076248,-0.273482216,-0.11603476,0.921566356,0.411617984,0.422223718,-1.540482247,-1.091027395,1.30681848,0.539953196,2.283542006,0.382339855,1.00381872,0.08442732,-1.220826455,-0.375706664,-1.588501923,0.815600957,-2.983755471,0.698274836,1.133081398,0,0,0,0,0,0,0,1,74
4tBuCzIPN,OPS2,-0.412368929,0.795428078,-4.519101383,2.843314759,7.734908871,1.575590275,0.380506478,-0.894755961,1.008676271,-1.327951229,-1.598517238,-0.395232216,0.894501295,-0.579203433,-1.555505841,4.620632696,-1.250940724,1.231898986,0.361394228,0.610754958,0.40782165,0.935498735,0.834542719,0.173945559,2.91835093,-0.867468138,-0.71618326,-0.261567814,0.61478822,0,0,0,0,0,0,0,1,47
4MeCzIPN,OPS3,-0.131399024,0.349437702,-4.07269103,1.68146462,6.929533805,0.305084593,0.531572328,-0.10618965,2.784139318,-0.372200642,-0.093484278,0.187072292,0.157212204,0.591599267,0.727951692,1.252481599,-1.042269686,0.452287263,2.066128845,-0.382848553,2.060545289,0.919081145,-0.978018574,-0.520520923,-0.552776849,-0.212743433,-3.28922783,0.489242993,2.073960045,0,0,0,0,0,0,0,1,37
4BrCzIPN,OPS4,0.285431367,0.900730004,-4.688104441,1.782210038,8.043708233,-0.880817809,1.004457747,-0.189397447,2.487908582,-0.299255939,-0.599042977,0.219954101,1.121410256,0.290413789,0.117764204,0.530049321,-1.716627466,-2.689438212,3.402666558,0.442425101,4.080928535,0.199400219,-5.936908349,-0.277482437,5.832323573,5.179974789,-2.891847795,1.267192935,-2.606599812,0,0,0,0,0,0,0,1,55
4OMeCzIPN,OPS5,-0.432515314,0.228528712,-4.558585531,3.725076269,8.461945691,0.08118176,0.332720727,-0.168238243,1.151266552,2.350866201,-0.667631661,0.229239797,-0.80030542,-3.288633919,4.039209245,-0.246701266,0.403530021,-1.283457654,-0.865273079,-4.512609943,2.739076615,-3.033255171,-0.342287901,2.146161845,-0.66619012,0.323996073,1.20014258,-0.079361914,0.063888977,0,0,0,0,0,0,0,1,0
4PhCzIPN,OPS6,-0.861752684,0.424860404,-3.123482076,4.221005479,5.460064107,-0.679648603,0.697622426,0.147517487,0.327645801,-0.679199748,-0.6833724,0.071498691,0.372431785,-0.797664159,0.735857216,1.013032747,-0.347842111,0.270627792,3.758995802,1.051488258,1.328354425,0.95685589,-2.916243021,0.377262964,-1.121714433,0.631403791,-0.60105762,0.369509854,2.061624962,0,0,0,0,0,0,0,1,22
4DPAIPN,OPS7,-1.297706273,-0.59135332,-2.287068473,-2.635722475,1.651670356,-1.52841854,0.745161646,0.209523362,-3.081200611,-0.150916472,-1.646418096,-0.429213607,1.712550313,4.910905645,2.083871477,-1.503685055,1.341465551,-0.912431357,-0.674070448,1.066004711,-0.633419811,0.320261416,0.250617153,-0.813547001,-0.348299056,-0.171724943,-0.326929067,-0.152186931,-0.270571027,0,0,0,0,0,0,0,1,74
4tBuDPAIPN,OPS8,-1.066024749,-0.146600992,-3.076814863,-3.243776048,2.100814535,-0.090555606,1.056607332,-0.648977134,-3.184469888,-1.050969798,-3.052407323,-1.119715709,1.898412512,4.430590648,1.503256838,2.783018196,-0.818867856,0.507855521,-2.096767376,0.404056133,-1.918023233,0.946995044,2.607153291,0.026096442,2.01137295,-0.233617067,-0.703503608,-0.386977273,-1.407455839,0,0,0,0,0,0,0,1,17
4MeDPAIPN,OPS9,-0.748898465,-0.607555524,-2.69622438,-3.608458054,1.786854095,-0.727324066,0.900264811,-0.143305013,-2.314077765,0.141754168,-1.745514888,-0.499524245,1.03957262,4.895431767,3.310255463,-0.007432678,-0.60413568,-0.780675469,-0.514718571,0.471699704,-0.10595926,0.976279284,0.575928545,-1.379096248,-1.163943141,0.367458742,-0.985975195,-0.09919193,-0.359138742,0,0,0,0,0,0,0,1,29
4FDPAIPN,OPS10,-0.596330253,-0.722984682,-3.124622145,-3.928814425,2.566637936,-2.041417165,2.084922642,-0.669763938,-4.249583978,0.219525713,-2.938645833,-0.739110372,2.895726053,9.321489051,4.398848391,-2.0910823,1.016601677,-1.824710869,-2.300289588,2.723353239,-1.421981199,1.455419043,2.692068256,-1.082796237,-1.044466224,3.588658949,4.307723361,-4.216082871,-0.33016522,0,0,0,0,0,0,0,1,71
4ClDPAIPN,OPS11,-1.258776783,-0.546456478,-2.765629231,-2.783393033,2.09310117,-1.739523649,0.806901455,-0.64077403,-3.372196249,0.192519633,-0.289344612,0.060176987,3.228419627,4.933034419,1.985455296,-0.819354961,-1.871386923,-1.763137989,-2.574381819,0.602942006,-1.119876207,0.636753112,-0.069419042,-1.180405935,-0.737286403,-1.525634835,0.815306484,-0.610412485,-1.109532207,0,0,0,0,0,0,0,1,78
4BrDPAIPN,OPS12,-0.525777005,-0.063816283,-3.001802919,-4.276124282,1.958227738,-2.21162611,1.291505127,0.099912612,-1.622295868,-0.468324226,-1.920678679,-0.700469142,2.151982603,5.041710712,2.665525999,-1.018553903,-0.964781268,-3.493427894,0.008409992,1.181441753,0.506233295,2.18E-05,-2.461430966,-0.576370074,3.826219942,3.672357731,-0.211525501,0.184555409,-3.941198133,0,0,0,0,0,0,0,1,74
3CzClIPN,OPS13,-0.917953161,-0.287759731,-4.589106808,3.860807189,7.599779257,-0.701475201,0.114244306,-0.278578435,0.932289735,-0.096540657,0.401318258,1.106801668,1.260676677,-0.223202888,-1.455865418,-0.244025401,0.084146468,0.166232702,0.61601845,-0.986744987,1.76933533,-0.668389213,-1.052689877,1.082011443,-1.932555577,-3.12138507,0.507532779,-1.20266564,2.195680555,0,0,0,0,0,0,0,1,75
3tBuCzClIPN,OPS14,-0.695298882,0.404891218,-5.475830231,3.728371719,8.756868139,1.518286144,0.084627075,-1.193510384,0.895889757,-1.15100967,-1.081164221,-0.209996904,1.743559989,-1.224630038,-1.470889012,5.46763469,-2.473612736,0.858178492,-1.306129328,-0.758329883,1.17333826,0.182682202,1.002679298,1.631663666,2.574297275,-4.804454165,2.775104989,-2.16250829,1.677387376,0,0,0,0,0,0,0,1,49
3OMeCzClIPN,OPS15,-0.715445267,-0.162008149,-5.515314379,4.61013323,9.483904959,0.023877629,0.036841325,-0.466992666,1.038480038,2.52780776,-0.150278644,0.414475109,0.048753273,-3.934060525,4.123826074,0.600300728,-0.819141991,-1.657178148,-2.532796635,-5.881694785,3.504593225,-3.786071704,-0.174151322,3.603879952,-1.010243774,-3.612989954,4.691430829,-1.98030239,1.126488134,0,0,0,0,0,0,0,1,0
4CzPN,OPS16,-0.568228227,0.110676683,-3.394947003,2.801016712,6.207301944,-0.636624633,0.429896032,0.055365758,1.026922667,-0.294550647,0.022308777,0.983345218,0.362776666,0.948715227,-1.689938419,-1.750099163,1.476144755,0.939573882,2.431711423,0.630336172,0.855410834,0.186658095,-0.592928118,-0.645370345,-2.096110697,1.210989086,-3.869143783,1.076655131,0.88102046,0,0,0,0,0,0,0,1,58
4DPAPN,OPS17,-1.313077235,-0.597695687,-2.245080289,-2.569944798,1.618176898,-1.533621246,0.704636362,0.259566159,-3.076290877,-0.146175466,-1.60368374,-0.409789306,1.645223488,4.783254145,1.983469813,-1.662748656,1.618961776,-0.819159665,-0.538577518,1.053280257,-0.594332086,0.221257701,0.160916432,-0.797274613,-0.568381806,-0.519885662,-0.580019712,0.095749269,0.084384452,0,0,0,0,0,0,0,1,6
4CzTPN,OPS18,-0.654352803,-0.187042475,-3.574947982,2.732424535,5.934996567,-0.61541026,0.245933629,0.079259738,0.970418934,-0.227191789,0.033494983,0.877624672,0.32284086,0.793662951,-1.493401633,-1.434269812,1.196834507,0.829300041,2.086632881,0.395202527,0.881463722,0.070867301,-0.501059961,-0.354897436,-1.597955755,0.697617528,-2.788804241,0.665958806,0.767027501,0,0,0,0,0,0,0,1,13
4DPATPN,OPS19,-1.209594424,-0.543172458,-1.948259416,-2.179845379,1.37707761,-1.307675685,0.555158654,0.257273594,-2.489790311,-0.113973978,-1.245906715,-0.309241608,1.22849333,3.555199158,1.403754255,-1.354328204,1.394986286,-0.494291906,-0.2561268,0.699012343,-0.356102574,0.053576129,0.021228632,-0.461711448,-0.51026281,-0.58115669,-0.527002077,0.263693559,0.348298749,0,0,0,0,0,0,0,1,2
1CzTRZ,OPS20,-1.849301123,-0.762625084,-0.69219069,2.59365286,0.727204418,-1.040642237,-1.145079722,0.555494085,0.289215439,-0.113458453,-0.04644697,0.641156247,-1.309739298,-4.540005281,-4.300785169,0.846410742,3.730934088,-1.478550194,1.046439973,2.594150925,-4.23640097,0.663112304,-2.217214169,-1.803263062,-2.598160846,2.549021414,-0.178164207,-0.624452573,1.152863944,0,0,0,0,0,0,0,1,1
1tBuCzTRZ,OPS21,-1.926950577,-0.236985473,-1.465119254,2.7568177,1.613732034,1.19482942,-1.347318247,-0.09781014,0.049462118,-1.288473064,-1.478408476,-0.686730897,-0.785807093,-5.624132171,-4.596064514,6.207092077,1.851182312,-0.665183936,-0.786847059,2.871238959,-5.168270058,1.425424109,-0.362006019,-1.085581183,1.718256052,0.796439235,1.768288534,-1.480370168,0.915241261,0,0,0,0,0,0,0,1,6
1DPATRZ,OPS22,-2.215469721,-0.834777391,0.284559427,-2.117317109,-2.152316787,-1.470963291,-0.559805808,0.406968684,-2.335433685,-0.076587262,-1.120467726,-0.341737082,-0.025201172,-2.946145475,-0.661396356,1.621050592,2.01334856,-2.186512989,0.763963665,0.9364454,-2.063062035,0.501751469,-3.701120131,-0.927139548,-0.945326325,-0.158382893,1.469428565,0.130186388,1.258157686,0,0,0,0,0,0,0,1,34
1tBuDPATRZ,OPS23,-2.27557506,-0.573679843,-0.299174485,-2.116217047,-1.962387323,-0.003305931,-0.575776328,-0.008709857,-2.695818758,-1.179319326,-2.462385023,-1.079415926,0.223191581,-3.599875093,-1.531410774,5.353654427,0.814422456,-0.704740126,-0.54597712,0.607286363,-3.680584614,1.051392704,-1.771253739,-0.042237043,1.153685766,-0.480326709,0.868365481,-0.078451793,0.631919452,0,0,0,0,0,0,0,1,39
1ClDPATRZ,OPS24,-2.468327094,-0.973535329,0.012011147,-1.655834032,-1.970100688,-1.652273973,-0.825482205,-0.000506753,-2.883545118,0.064170105,0.300677688,0.10047677,1.553198696,-3.097431322,-1.049212316,1.75128127,-0.238096611,-2.975733636,-1.023591562,0.806172237,-2.882437589,0.741150773,-4.447826072,-1.24873942,-1.594973586,-1.772344477,2.387175573,-0.301887005,0.929843084,0,0,0,0,0,0,0,1,11
1BrDPATRZ,OPS25,-1.735327315,-0.490895134,-0.224162542,-3.148565281,-2.10497412,-2.124376435,-0.340878533,0.740179889,-1.133644738,-0.596673754,-1.33065638,-0.66016936,0.476761672,-2.988755028,-0.369141613,1.552082327,0.668509044,-4.706023541,1.559200249,1.384671983,-1.256328086,0.104419439,-6.839837996,-0.644703559,2.968532758,3.425648089,1.360343589,0.493080889,-1.901822842,0,0,0,0,0,0,0,1,24
1OMeDPATRZ,OPS26,-2.234888751,-1.065124194,-0.271663963,-1.081356651,-1.284399053,-1.277727726,-0.761483567,0.585300618,-2.339808846,1.908781869,-1.493676984,-0.511473186,-1.290975927,-5.998626886,2.865370752,1.777889276,2.404579074,-3.094277111,-1.680948823,-2.013152711,-2.004662351,-2.739715097,-2.706559147,0.873268089,-1.801982677,0.757371928,2.786624078,0.118096697,-0.362563509,0,0,0,0,0,0,0,1,12
1PhDPATRZ,OPS27,-2.194698285,-0.847631246,0.349989454,-1.686992896,-2.238496058,-1.43698877,-0.485421443,0.38028493,-2.282967838,-0.014674975,-1.126372974,-0.326785319,-0.304931601,-3.258388229,-0.246337168,1.774367399,1.353937252,-2.035406144,1.026179835,1.326242461,-2.065928253,0.665906097,-3.78212295,-0.907942974,-0.951449983,0.148403668,1.484591521,0.08927803,1.189778584,0,0,0,0,0,0,0,1,26
1PTZTRZ,OPS28,-0.999163366,-1.742321166,1.470850021,6.573707954,-4.663109378,-2.867542512,-1.243763985,-0.063937423,-0.800501106,-0.757613938,-0.23035184,-0.680269998,-0.517490335,-2.0300408,-2.063176252,1.347108083,2.690544242,-5.661781988,-4.709292564,1.984021873,0.872719795,2.392797517,-3.203409894,-2.275412987,-0.625074391,-1.048002005,-0.657753571,-0.565032583,0.550441033,0,0,0,0,0,0,0,1,2
2CzBP,OPS29,-1.577917699,-0.508639637,-0.537069512,0.490486966,0.841155277,-0.565555557,-0.478502795,0.370611513,0.881599509,0.554460216,0.220717485,1.448433921,-1.831153984,-2.68259306,-7.440964899,-2.951302864,-1.309221125,-0.906067153,1.461583823,1.573418688,-0.212594076,-1.290800199,3.417286997,-0.055838662,-2.441538111,2.412944173,-1.571970243,-0.921074571,0.510508189,0,0,0,0,0,0,0,1,2
2DMABP,OPS30,-1.031697939,-0.435751427,0.960895074,-3.549227197,-1.664889298,0.325534703,2.873534205,-1.804764813,-1.021823243,1.36814353,-1.137219089,1.128961667,-0.995708136,-2.150500702,-3.448873332,-2.449530285,-5.659962957,-1.837708499,1.639756138,0.445437338,2.925937252,-1.200733134,3.324733717,0.718308964,-1.028183907,-0.034413903,-0.114649033,-0.772503308,-0.146009679,0,0,0,0,0,0,0,1,0
2DPABP,OPS31,-2.035311226,-0.629733888,0.525635291,-4.227873183,-2.176055758,-1.010343789,0.052294752,0.348192126,-1.886515236,0.544282797,-0.899765184,0.437962868,-0.520431056,-1.147834277,-3.841089595,-2.152549949,-2.812720974,-1.786632494,1.247567391,0.079781438,1.969475523,-1.449843065,1.676884815,0.715693002,-0.911974855,-0.477249894,0.194527224,-0.218081358,0.797690341,0,0,0,0,0,0,0,1,47
2tBuDPABP,OPS32,-1.703887902,-0.152683059,-0.257848166,-4.514983251,-1.577875198,0.456070437,0.263421893,-0.455220153,-1.900081344,-0.390855059,-2.245741541,-0.261049681,-0.339271999,-1.659763132,-4.391334753,1.906919576,-4.903740185,-0.253677553,-0.219694016,-0.462118804,0.679094297,-0.813760189,4.063408451,1.5371577,1.500744455,-0.546890868,-0.204321085,-0.478998846,-0.291106798,0,0,0,0,0,0,0,1,51
2MeDPABP,OPS33,-1.386761619,-0.613637591,0.122742317,-4.879665257,-1.891835638,-0.180698023,0.107079373,0.050451968,-1.029689221,0.801868907,-0.938849106,0.359141784,-1.19811189,-1.194922013,-2.584336129,-0.883531298,-4.689008009,-1.542208542,1.362354789,-0.394475232,2.49115827,-0.784475948,2.032183705,0.13196501,-1.674571636,0.054184942,-0.486792673,-0.191213502,0.7572103,0,0,0,0,0,0,0,1,43
2ClDPABP,OPS34,-1.896639937,-0.552538545,0.053337466,-4.054600235,-1.585588563,-1.192897605,0.013716016,-0.447017049,-2.087807704,0.852634372,0.517321171,0.918843015,0.990735116,-1.15731936,-3.909136295,-1.69545358,-5.956259253,-2.524671062,-0.697308458,-0.263232931,1.477241323,-1.12400212,1.386836118,0.330655323,-1.247914897,-1.838908636,1.314489006,-0.702434058,0.006816834,0,0,0,0,0,0,0,1,47
2BrDPABP,OPS35,-1.163640158,-0.06989835,-0.182836222,-5.547331484,-1.720461994,-1.665000067,0.498319689,0.293669593,-0.337907324,0.191790513,-1.114012897,0.158196886,-0.085701908,-1.048643067,-3.229065592,-1.894652523,-5.049653598,-4.254960968,1.885483352,0.315266816,3.103350826,-1.760733454,-1.005175806,0.934691184,3.315591447,3.35908393,0.287657022,0.092533836,-2.824849092,0,0,0,0,0,0,0,1,42
2PhDPABP,OPS36,-2.280431878,-0.776305932,0.827187513,-3.617681843,-2.629340902,-1.128753638,0.098368787,0.608567029,-2.20648214,0.524239749,-1.067074453,0.376179257,-0.852842962,-2.40630821,-3.047087877,-1.389365799,-3.351040122,-1.924496314,2.099909997,0.902531739,1.434302491,-0.839539791,0.792677456,0.707114155,-1.422306492,0.07087435,0.503972627,-0.27712839,0.976344203,0,0,0,0,0,0,0,1,58
2CzPN,OPS37,-0.815727174,0.191876544,-1.881809403,2.786115262,3.619044548,-0.548610163,-0.714960627,-0.332827595,2.245940515,-1.096856436,1.046660634,0.143390589,0.012317107,-0.39740542,-2.354261233,-1.978862018,0.27929982,0.586013935,0.487496406,1.491693318,-2.468626526,1.756805832,2.767673467,-3.313959382,-1.619934375,0.571542218,1.624808022,1.378032171,-3.607949631,0,0,0,0,0,0,0,1,24
2tBuCzPN,OPS38,-0.626553108,0.765364527,-2.837551772,2.510411472,4.702180418,1.542832652,-0.734662665,-1.2210622,1.928676724,-2.180585601,-0.562046541,-1.145135874,0.483436854,-1.332047993,-2.508998106,3.691564482,-2.137998465,1.249324663,-1.452597464,1.574455552,-3.123358807,2.497223335,4.795836433,-2.811412433,2.76401841,-1.107120973,3.683464201,0.496540582,-4.272256578,0,0,0,0,0,0,0,1,56
2ClCzPN,OPS39,-0.768334394,0.317800025,-2.275562259,2.757628393,4.177945188,-0.285554955,-1.082031823,-1.42297115,1.398651195,-0.055850447,4.039018713,0.712008768,2.509719966,-0.94606566,-0.787467193,-0.605319592,-4.397014107,-0.018422072,-2.491231429,1.546078161,-2.681911456,2.302435225,2.125692085,-4.410577697,-0.285159276,-1.374636479,4.641845165,0.71674269,-4.453830619,0,0,0,0,0,0,0,1,29
1tBuDPAN,OPS40,-1.925375918,-0.791037663,-0.52738546,-0.666712943,-2.486256875,0.385829598,0.185450673,-0.012706803,-0.447895045,-3.08779563,-2.597836881,-1.371644331,0.846143859,-0.055346362,-0.245146146,4.801630408,-1.334153248,3.550893995,0.558598789,-2.365691843,-5.253894551,0.609553234,1.917039825,3.41915586,2.747913007,-2.246954145,-4.853986948,0.801973059,0.639410735,0,0,0,0,0,0,0,1,0
PNZN,OPS41,-0.668506269,-0.351897721,2.362336742,7.32792639,-4.652047271,-2.2083643,0.728354619,0.632507216,0.029482188,-2.25323981,-1.559953999,-1.706203918,0.300798057,3.562258282,0.756185909,-1.594679032,-1.675622761,3.639250311,5.960804837,-3.101654896,-2.39960688,-7.56270035,-0.353650062,-5.535488016,2.536252947,-2.425979496,1.101969252,-1.435036882,-0.683196027,0,0,0,0,0,0,0,1,3
biphenylPNZN,OPS42,-1.241513001,-0.585422709,3.073348382,9.467083654,-6.167992754,-2.70306668,0.902450701,0.598088126,-0.39217665,-3.476814854,-1.532695631,-2.102373479,0.708107428,2.288396331,2.514738691,-0.037284996,-2.876670303,3.773785515,8.289653527,-1.10403832,-1.978064406,-4.489423494,-2.249840214,-1.908428126,-0.501910879,-0.142471176,3.28972766,-1.079413751,0.303459896,0,0,0,0,0,0,0,1,62
PTZN,OPS43,-0.751010071,-1.246568587,1.538838212,8.987978576,-5.431150226,-2.62076976,-0.043069212,-0.627576453,-0.084067583,-3.270430591,-0.313147339,-0.690219662,0.418788617,2.434635484,0.255014305,-0.712614054,-1.233337111,-0.551679644,-0.857415586,-0.786266604,1.971967533,1.57503592,-0.87751007,0.888154965,-1.199746787,-1.696457799,-1.755766206,0.175545286,-1.510342923,0,0,0,0,0,0,0,1,1
biphenylPTZN,OPS44,-1.295858085,-1.382375332,2.341445917,10.82419734,-6.796862868,-2.794431696,0.946370014,-0.861227,-0.413504274,-4.253076931,-0.830897352,-1.281268737,0.552429864,1.522238538,2.083335745,0.523739981,-3.008205648,0.722763803,2.727572519,0.665421934,1.665561676,2.453988522,-1.949243037,3.592765342,-2.894479182,0.640957432,1.145414371,0.264637073,-0.322881044,0,0,0,0,0,0,0,1,76
CF3PTZN,OPS45,-0.780470461,-1.554980663,2.694157309,12.78377862,-7.840602612,-1.786731675,3.679125779,-3.311898662,-0.031948683,-5.411223421,-1.900800734,-2.30879194,1.371708969,2.238448037,1.926705451,2.869862211,-3.635808393,2.132386322,0.973854126,1.414811728,1.979066889,3.517583073,1.717939279,8.237928645,-1.234930111,5.1190242,3.095271195,1.099866811,0.275787326,0,0,0,0,0,0,0,1,49
2DPAB,OPS46,-1.556164598,-0.805028128,0.007063656,-2.505011105,-1.558414927,-0.760356665,-0.026554045,0.329470994,-1.235352473,0.228292599,-0.5056306,-0.032763403,0.07634911,0.290300375,-0.238698846,-0.530017183,1.03629285,0.053784927,0.226896885,-0.143025141,0.094025873,-0.321881043,-0.596412113,-0.113279804,-0.264640742,-0.79868534,-0.31360676,0.419865248,0.620560098,0,0,0,0,0,0,0,1,0
2DPAN,OPS47,-1.92328895,-0.954275255,-0.141129133,-2.162087045,-1.584851248,-0.704032409,-0.088479627,0.893824164,-0.234790952,-0.702975777,-0.461142651,-0.292042932,0.407432058,-0.146562054,-0.33731643,-0.146139731,1.112002601,0.503729526,0.618864153,-0.343292542,-2.858124779,-0.035243215,-0.760735996,0.986746406,-1.035067248,-1.730823129,-2.818074797,0.381851652,1.453176075,0,0,0,0,0,0,0,1,1
2tBuDPAN,OPS48,-1.991911159,-0.676534264,-0.817080664,-2.474540309,-1.406268334,0.749540837,0.050344765,0.296951391,-0.541413572,-1.723574702,-1.816610906,-0.993633605,0.634343151,-0.70957679,-1.19818682,3.789584764,-0.370323378,2.045436872,-0.714972029,-0.956568188,-4.478600219,0.502730803,1.395639118,1.994419506,1.134168804,-1.862228336,-3.515768808,0.250986366,0.596961758,0,0,0,0,0,0,0,1,1
2MeDPAN,OPS49,-1.674784875,-1.137488795,-0.436490181,-2.839222316,-1.720228774,0.112772376,-0.105997756,0.802623512,0.32897855,-0.530850736,-0.509718471,-0.37344214,-0.22449674,-0.244735671,0.608811805,0.99913389,-0.155591202,0.756905883,0.867076776,-0.888924616,-2.666536246,0.532015043,-0.635585628,0.589226816,-2.041147287,-1.261152527,-3.798240395,0.538771709,1.645278855,0,0,0,0,0,0,0,1,1
2DPAA,OPS50,-1.681581818,-0.730133714,-0.450755184,-2.062159642,-1.07136182,-0.614979103,0.067032661,0.462497551,-1.97929633,0.154804545,-0.995520892,-0.135992003,0.457236167,1.571908799,0.774892493,-1.144182245,1.720038569,0.727540021,-0.252898457,-0.77995898,-2.066649128,-0.841550267,0.579745311,0.825011122,-1.785152506,-0.558759697,-2.595740543,0.675890556,-0.706725236,0,0,0,0,0,0,0,1,0
2tBuDPAA,OPS51,-1.750204027,-0.452392723,-1.126706715,-2.374612906,-0.892778906,0.838594143,0.205857053,-0.134375221,-2.28591895,-0.865794379,-2.350989146,-0.837582676,0.68414726,1.008894063,-0.085977896,2.79154225,0.23771259,2.269247366,-1.586734639,-1.393234627,-3.687124568,-0.30357625,2.736120425,1.832684222,0.384083546,-0.690164904,-3.293434554,0.545025269,-1.562939552,0,0,0,0,0,0,0,1,0
2MeDPAA,OPS52,-1.433077744,-0.913347255,-0.746116232,-2.739294913,-1.206739346,0.201825682,0.049514532,0.3712969,-1.415526827,0.326929587,-1.044096711,-0.217391211,-0.174692632,1.473735182,1.721020728,0.001091376,0.452444766,0.980716377,-0.004685834,-1.325591055,-1.875060595,-0.274292009,0.704895679,0.427491532,-2.791232545,-0.089089094,-3.575906141,0.832810612,-0.514622455,0,0,0,0,0,0,0,1,0
2OMeDPAA,OPS53,-1.731621738,-0.846036612,-1.020066138,-1.122117114,-0.350158786,-0.542335723,-0.083601628,0.372434628,-2.021166705,2.14017842,-1.419832102,-0.357003424,-0.851788662,-1.627242868,4.406963342,-0.666330966,1.921303491,-0.259302207,-2.736151767,-4.088475742,-2.256081902,-4.038520995,1.787346537,2.648966257,-2.500559858,0.61533553,-1.20567554,0.779102829,-2.664019098,0,0,0,0,0,0,0,1,0
3CzNB,OPS54,-1.686580396,-0.145021227,-1.206603756,1.461796063,0.064679363,-2.006047937,-0.462027466,1.834468741,12.16907429,-4.060948669,4.357313794,-0.149413485,0.190699529,-0.987807706,-2.900440432,-2.526380735,3.285206239,1.216797661,-0.691026949,2.485284939,-1.655588563,0.358548758,5.217120025,-3.513828754,-5.313499518,2.896830507,1.279490315,-1.743892987,-3.533077869,0,0,0,0,0,0,0,1,0
3DPANB,OPS55,-2.11784121,0.574766528,-0.690038406,-6.889646745,-3.598202878,-2.592903214,0.183890108,2.750689944,11.98400029,-5.073007466,3.011267739,-1.862686395,1.518646601,-0.052150671,2.96902725,-0.660352299,1.537506406,-0.575057747,-0.57156996,-0.143492955,-0.481723995,-0.587415366,0.190881798,1.8403514,-0.164489028,-2.587816888,0.476326893,-0.790360632,2.463154494,0,0,0,0,0,0,0,1,2
3MeDPANB,OPS56,-1.569033402,0.558564324,-1.099194313,-7.862382324,-3.463019138,-1.79180874,0.338993273,2.397861569,12.75112314,-4.780336827,2.912170947,-1.932997032,0.845668909,-0.067624548,4.195411236,0.835900078,-0.408094825,-0.443301859,-0.412218083,-0.737797962,0.045736556,0.068602502,0.516193189,1.274802154,-0.980133113,-2.048633203,-0.182719235,-0.73736563,2.374586779,0,0,0,0,0,0,0,1,0
3BrDPANB,OPS57,-1.345911942,1.102303565,-1.404772852,-8.530048552,-3.291645495,-3.276110784,0.73023359,2.641079193,13.44290503,-5.390415221,2.737007156,-2.13394193,1.958078891,0.078654397,3.550681772,-0.175221148,-0.768740413,-3.156054284,0.11091048,-0.028055913,0.657929111,-0.907655004,-2.521166321,2.077528328,4.01002997,1.256265786,0.59173046,-0.453618292,-1.207472612,0,0,0,0,0,0,0,1,8
2CzAQ,OPS58,-0.989110431,0.812790565,-0.036740199,1.872943092,1.606669038,-0.287901258,-0.687793449,0.417943248,2.210740639,2.019261362,2.478904093,2.959080345,-3.887581714,1.028958075,-6.442306692,-3.317406692,6.664876085,5.396781912,-0.279662217,4.436323746,-0.885013812,-0.666402726,-0.493740485,3.583934652,0.159350936,1.206427219,2.340736572,-1.326526867,0.314649687,0,0,0,0,0,0,0,1,0
2DPAAQ,OPS59,-1.579292976,0.662448813,1.207842133,-3.353217611,-1.845025902,-0.751523171,-0.228959548,0.413396218,-0.866598418,1.970493163,1.160425561,1.809260338,-2.606157302,2.007877578,-2.91470965,-2.077929506,4.121187625,4.063115423,-0.292051103,2.392116623,1.671994578,-1.076119811,-2.631127895,4.606932479,2.431961578,-3.326105666,3.56341857,0.077644811,0.099329026,0,0,0,0,0,0,0,1,0
2DPASF,OPS60,-1.811454607,0.001726277,-0.055953277,-4.852139773,-2.811559581,-0.987274609,0.118201388,0.654201379,-0.601482009,-0.083206914,-0.698659768,0.005877129,-0.636384139,0.520095713,-1.585010038,2.227194424,1.351471753,6.800818792,-2.738837724,-3.858815734,5.656062066,1.194883222,-2.874831595,-4.443202287,-2.59967985,2.16656199,2.101165534,2.20321141,0.902832646,0,0,0,0,0,0,0,1,0
2tBuDPASF,OPS61,-1.480031283,0.478777106,-0.839436734,-5.139249841,-2.213379021,0.479139617,0.32932853,-0.1492109,-0.615048117,-1.01834477,-2.044636125,-0.69313542,-0.455225082,0.008166858,-2.135255196,6.28666395,-0.739547458,8.333773733,-4.206099131,-4.400715976,4.365680841,1.830966098,-0.488307959,-3.621737589,-0.18696054,2.096921016,1.702317225,1.942293922,-0.185964493,0,0,0,0,0,0,0,1,1
2MeDPASF,OPS62,-1.162904999,0.017822575,-0.458846251,-5.503931847,-2.527339461,-0.157628843,0.172986009,0.356461222,0.255344006,0.174379196,-0.73774369,-0.072943956,-1.314064973,0.473007977,-0.328256571,3.496213076,-0.524815282,7.045242744,-2.624050326,-4.333072404,6.177744814,1.860250339,-2.519532705,-5.026930279,-3.362276631,2.697996825,1.419845638,2.230079265,0.862352604,0,0,0,0,0,0,0,1,0
CF3PhDPZ,OPS63,0.000200716,-1.303030372,1.01696861,4.865315005,-2.93102263,0.035169314,2.205915109,-1.835828241,0.579779582,-0.031003933,-1.096067449,-1.424475572,-0.513410681,0.525206405,-1.156651867,1.535983376,1.515774031,0.10824433,-4.160632563,0.752369225,0.183201123,-0.385598336,4.594411888,3.057466078,2.915137905,5.402800759,1.098582411,0.920650933,1.535663797,0,0,0,0,0,0,0,1,15
OMePhDPZ,OPS64,-0.41881148,-1.161617935,0.051707951,3.693818847,-1.091403196,-0.915828664,-0.7794233,0.400244174,0.255420717,2.846582674,-0.246383619,-0.576261132,-2.340510949,-2.609575245,2.220442376,-0.813045455,2.521488618,-1.899477262,-4.536333502,-2.802377312,0.169517686,-4.238543601,2.229193838,-0.009449917,0.499910265,1.497315209,0.440941951,0.091938391,-0.853454714,0,0,0,0,0,0,0,1,1
NapDPZ,OPS65,0.016551563,-1.154194266,0.805157448,4.589642612,-2.422078823,-1.260364427,-1.140234735,0.311280738,1.454061464,3.093721475,-0.453888827,-1.740218624,-1.388725442,-0.670036636,-0.383514032,-1.808109924,3.094575983,-1.610262929,-4.953356049,-1.534716097,-0.244750476,-4.341394569,5.073242783,-2.918689822,6.566643366,7.34005374,-2.325079876,1.987257429,7.74855267,0,0,0,0,0,0,0,1,10
3DPA2FBN,OPS66,-0.938280674,-0.827037294,-2.235287995,-2.568803619,1.667075427,-1.728579004,1.171382407,0.090366429,-3.289973017,0.284633805,-1.626455594,-0.115812953,1.402818971,6.271093303,1.091919981,-3.375987164,4.892993301,0.96194711,-0.842589092,3.692451978,-1.027858369,0.018665219,0.32156277,2.560844661,-2.014743828,0.236848024,4.956891895,-2.600389888,6.093219507,0,0,0,0,0,0,0,1,65
5CzBN,OPS67,-0.568764322,0.118696174,-3.47428906,2.848487724,6.338222179,-0.593831919,0.430038287,0.023873468,1.060558858,-0.264701723,-0.025801064,0.928352334,0.388244228,0.754697417,-1.472540875,-1.395425447,1.216900387,0.793599274,2.248571607,0.377338342,1.054291151,0.077089718,-0.711263073,-0.372751777,-1.614341833,0.837881723,-3.139456447,0.780914983,0.914933219,0,0,0,0,0,0,0,1,79
2DPABz,OPS68,-1.986212984,-0.620540203,0.530390728,-4.023961214,-2.171246233,-1.006983836,-0.024578417,0.476581897,-1.884927505,0.451839091,-0.815359972,0.297140818,-0.342822895,-0.735336191,-2.997844604,-1.933954472,-1.31416654,-1.342915651,1.029200303,-0.181683584,1.49825884,-1.130747501,0.742544237,0.395206677,-1.045163109,-1.211342488,0.41644848,0.175358685,1.560001775,0,0,0,0,0,0,0,1,0
DPABT,OPS69,-1.719731823,-1.062855554,4.029132594,-3.54800151,-2.823794887,-0.891444931,-6.010630023,-5.827127667,-6.104217142,-1.734921143,6.957850673,-0.27260454,10.026501,-4.06408617,2.260003763,5.727195853,12.43596015,-3.017594276,10.24858689,-1.052195354,7.989195621,1.322868272,7.515808715,-0.434830309,1.710355365,-1.084886387,0.067957689,-0.517376196,-1.990034099,0,0,0,0,0,0,0,1,1
PhPNZ,OPS70,0.294513696,-1.016706304,2.06311206,4.44722125,-3.406093454,-1.80209669,0.03993054,1.149311601,0.42467254,0.643299394,-0.823556463,-1.430516057,-0.356769729,2.745938633,-0.860150278,-1.698139089,0.960843628,0.698873499,1.665560165,-1.627276276,-0.962132445,-7.464274093,0.142943562,-8.174044749,3.7256444,-3.512682941,0.182004532,-1.894166957,0.27818792,0,0,0,0,0,0,0,1,0
PhPTZ,OPS71,0.212009893,-1.911377169,1.23961353,6.107273437,-4.185196409,-2.21450215,-0.731493292,-0.110772068,0.311122769,-0.373891387,0.423250196,-0.414531802,-0.238779169,1.618315835,-1.361321882,-0.816074111,1.403129278,-3.492056456,-5.152660257,0.688112015,3.409441968,1.673462177,-0.380916445,-1.750401769,-0.010355334,-2.783161244,-2.675730926,-0.283584789,-0.548958976,0,0,0,0,0,0,0,1,0
ph_bPTZ,OPS72,0.164434785,-2.156138408,1.757320835,9.041490026,-5.787986485,-3.0510659,-1.097789153,-0.571995756,0.49283196,-0.543036835,0.872232923,-1.08032883,0.296246197,1.815472343,-0.792682306,-1.024704829,0.844754892,-5.807582237,-9.04032223,0.501178249,5.649098124,3.543257892,-0.580070707,-1.864924458,-0.022286145,-5.499537854,-4.101035233,-0.460777114,-1.235536562,0,0,0,0,0,0,0,1,7
9_10_DPA,OPS73,-1.322518937,-0.80137702,1.141435545,0.689048072,-0.405542509,1.152958558,-0.477056924,2.186370787,-1.126648709,0.488634265,-0.133124498,0.11378982,-0.619567564,-1.71746273,0.711025915,-2.465142316,1.582386529,0.339921544,0.720606661,-1.773630724,-2.295360037,0.781482162,-0.829406306,0.94008533,-1.91443002,0.919054294,-1.34452892,1.366747368,-2.941465648,0,0,0,0,0,0,0,1,0
9_10_DAA,OPS74,-1.359802943,-0.92447828,0.485081015,1.653556301,0.30492635,1.107064458,-0.766556699,1.989302918,-1.178424685,2.450024009,-0.436323332,-0.138174846,-1.847995444,-4.81942499,4.595234184,-2.253447273,2.166681289,-0.479569726,-1.657844888,-4.839968482,-2.006902611,-2.478818311,0.569518084,2.768340279,-2.884870786,2.014891866,0.266689714,1.457106819,-4.58077834,0,0,0,0,0,0,0,1,0
perylene,OPS75,-1.058569302,-0.579732703,0.354529902,1.140827436,-1.398448672,-0.057716095,-0.128613016,-0.163615321,-0.242333266,0.462662579,0.351075487,0.284297769,-1.507198549,1.533979081,-0.05656943,-0.239792299,-0.475540582,0.746562344,1.959324062,-2.399478123,-1.959354079,0.387341087,0.47053076,0.860669174,0.080803883,0.517887651,-2.795417485,1.522337077,-1.829161641,0,0,0,0,0,0,0,1,0
9_10_DCA,OPS76,-0.13487243,-0.82375867,-1.515442422,0.24861598,1.9595017,-0.422481389,0.111391404,0.085024123,-0.828540211,-0.215472348,-0.515524498,1.292748045,0.247570179,1.412787524,-0.154222577,-1.965399671,-0.035317745,0.254282413,0.650044028,0.087266546,-0.046037041,-0.065053366,0.554046487,0.002919663,-0.359544718,-0.030320063,-1.492844653,0.854711108,-0.161322383,0,0,0,0,0,0,0,1,0
3_5_diMePh_PDI,OPS77,0.82456383,0.326945001,1.556346799,0.495117591,-2.22410144,6.512906648,-1.095643107,-0.791973614,4.365481293,8.793972489,7.461462017,6.884962621,-11.52803271,12.06443253,-1.485118782,10.2407501,-0.573670069,-7.203387716,4.663398747,-5.250845754,-1.917707079,1.561902396,0.387448455,0.648781032,-1.808572091,0.938389373,1.653732484,-0.409002788,-0.013165169,0,0,0,0,0,0,0,1,0
Ph_NDI,OPS78,0.539001424,-0.199447641,1.354697421,1.071488059,-2.394104672,0.682905342,-0.978152994,0.306602173,1.31313237,5.219791638,3.605038652,3.421943453,-4.717240371,4.689368798,-1.778698721,2.555411271,1.518480943,-2.36074782,0.117923485,-0.583875897,-0.328008777,-0.035855627,-0.263066763,-0.409405186,1.167654095,-1.232640455,-0.138305997,-0.124322758,0.330235492,0,0,0,0,0,0,0,1,9
Me_TAPB,OPS79,-0.877576632,-0.70950871,0.766139582,-1.528960589,-1.634913087,0.531031247,2.951066392,-1.794838319,-0.589885173,1.544298704,-0.615261587,0.750867712,-1.078156279,-2.207762267,2.152705308,-0.278073073,-2.685726672,0.3582116,1.876008139,2.325609393,1.414467412,0.815432409,0.709092496,-0.359927379,-0.967641073,-0.193154102,-0.141002302,-0.385106872,0.656420204,0,0,0,0,0,0,0,1,0
Ph_TAPB,OPS80,-1.881189919,-0.903491171,0.3308798,-2.207606576,-2.146079547,-0.804847245,0.129826938,0.35811862,-1.454577166,0.720437971,-0.377807683,0.059868914,-0.602879199,-1.205095842,1.760489045,0.018907263,0.16151531,0.409287605,1.483819392,1.959953493,0.458005684,0.566322478,-0.938756406,-0.36254334,-0.851432021,-0.635990093,0.168173954,0.169315078,1.600120224,0,0,0,0,0,0,0,1,0
C_152,OPS81,1.602362992,1.051381821,8.540849302,-1.496088188,-0.136841901,10.48981009,26.90165238,-14.79137784,3.745506663,3.003852703,-0.139452758,0.494886549,3.170254137,-2.635859302,0.04348444,-0.919340657,3.041586854,-0.791465028,-0.712392856,0.388230982,-0.859683101,-0.756455487,-1.557588443,-1.802715928,-0.397501883,-1.171672645,-0.642794686,-0.046819683,-0.308365521,0,0,0,0,0,0,0,1,0
C_337,OPS82,9.632185233,27.21588762,-3.894259697,1.180220482,-2.1621062,-0.813672544,0.584784355,0.768290742,-1.638657358,-1.759536479,0.88298228,0.669577768,0.353703909,0.378726619,1.30745776,-1.887369248,0.080070363,-3.59807988,0.911242769,1.746819237,-1.515068855,-0.213342194,2.06544958,-0.56152681,-0.124399451,-2.713498407,3.149524491,13.1830786,2.426787917,0,0,0,0,0,0,0,1,0
C_498,OPS83,12.2384834,30.34597035,-3.28914277,0.378113482,-5.259195691,0.094409361,-0.061045722,1.051197439,-2.788805126,-0.472508235,-0.213219357,0.87152595,-0.539090711,-2.133912552,-0.418851673,1.029436019,0.5534172,2.028186009,-1.242491401,-1.659831224,0.829742434,0.329256217,-1.1363202,0.446323027,-0.750931569,2.27197158,-3.280965425,-11.78869397,-1.645067146,0,0,0,0,0,0,0,1,0
phenylfluorone,OPS84,0.217795424,2.755996601,24.58163994,1.562468308,9.708623976,1.878971429,7.053119551,23.09635375,-1.394996392,-0.050867726,-0.800867928,3.483820723,5.632150803,0.570023547,-0.103839316,3.015257251,-0.245009147,-0.89699672,-0.761644592,0.288606543,1.251192801,0.852192458,1.317084336,0.298917348,0.199843071,0.196879562,0.331455145,-0.122082773,0.24257893,0,0,0,0,0,0,0,1,0
resorufin,OPS85,1.821175323,5.808298892,25.53285491,-3.855448181,13.03945766,-6.865002929,-12.53976014,-16.27511057,2.166699699,-4.060830723,-2.804063561,-2.939996892,-4.601853817,1.63284287,1.745797902,-0.833275859,-1.862696457,0.240255658,-1.698578185,-0.627104952,-1.646627207,-0.149820211,-1.410082078,0.092385266,-0.90127471,0.492396852,-0.490817327,-0.149706401,0.747544486,0,0,0,0,0,0,0,1,0
9_fluorenone,OPS86,-0.862034017,0.310276253,1.294049742,-0.824651204,-0.573472964,-0.124446978,-0.437484688,0.278283199,-0.16735895,1.953533314,1.469279672,1.608629302,-2.722429581,1.192710382,-2.144422993,-2.689097401,2.808076277,4.589418303,-0.930946489,1.580048989,1.28616822,-0.421252656,-1.976731226,3.203897927,3.8157049,-2.251456396,0.296889547,1.101586696,-3.488447692,0,0,0,0,0,0,0,1,2
9_10_phenanthrenequinone,OPS87,-0.851210111,0.29843896,1.315051117,-0.826820936,-0.58917759,-0.10792188,-0.436147179,0.271287116,-0.212083566,1.949958928,1.448498854,1.562642068,-2.688621566,1.17051143,-1.960867339,-2.6898146,2.589292885,4.582564776,-0.992094067,1.400515621,1.384596618,-0.370427251,-2.036049014,3.105119882,4.205225027,-2.454814065,-0.11920828,1.400695762,-4.194751601,0,0,0,0,0,0,0,1,0
BTPM,OPS88,-1.341861651,-0.056791513,1.742290338,-2.083051808,-0.763547253,-0.759975336,-0.885093262,-0.470560068,-0.917508307,0.949836616,-0.231586079,0.67379757,-1.872435906,-1.30653498,-4.582559001,-3.545784768,-3.707097477,-1.230215056,0.957186174,1.3469866,2.528551741,-2.090940376,2.280505954,1.787304555,-0.173921472,-0.766538681,0.199119361,-0.414560702,0.66849732,0,0,0,0,0,0,0,1,0
2_Cl_TXO,OPS89,-1.884504781,-0.475830608,1.468838144,1.694858966,-1.399448426,2.5095724,-4.755728179,-3.6433997,-3.719600718,3.162264801,20.171267,6.171633251,14.46923001,0.346155929,-0.326282634,-1.133454067,-6.455921804,3.503981885,-4.557262299,-1.041592188,-4.047878179,-2.479074418,-3.628416884,1.192077886,0.300158632,2.713753378,-1.14182889,0.133182989,2.251902647,0,0,0,0,0,0,0,1,1
anthraquinone,OPS90,-0.823898026,0.294980168,1.218307507,-0.771083519,-0.535340788,-0.115709082,-0.402000601,0.254097534,-0.149387191,1.765792682,1.323240274,1.446499457,-2.427450913,1.054551474,-1.889215474,-2.327863802,2.420648908,3.905573225,-0.783457253,1.336984087,1.056353001,-0.347911734,-1.589986511,2.567318151,2.937123888,-1.706955835,0.27601642,0.795146687,-2.494924357,0,0,0,0,0,0,0,1,0
Me_bodipy,OPS91,19.41051117,-3.753818067,1.413614001,0.49587436,-3.227346218,0.282069904,-6.280734957,0.347763065,8.280806127,20.02316031,-7.630551375,-10.81893989,10.55469792,0.735396679,-2.306230282,1.054799256,-0.927291949,1.601269503,1.944863911,1.741225746,-0.505465352,1.296646546,-0.848104981,1.347457442,-1.556554178,-0.617034294,0.353536273,0.655970129,-0.527230531,0,0,0,0,0,0,0,1,0
Et_bodipy,OPS92,27.19769371,-11.77974412,-0.743620522,-1.474085791,-2.97718544,-0.880671498,-2.631426942,-1.864950059,1.841539459,-6.859854554,-7.511636097,21.33278452,2.290225866,-2.095620286,1.936011473,-0.443781213,0.465268813,0.210056877,-0.471498067,-0.602633439,-0.797347781,-0.293470277,0.331776442,-0.463976493,0.562011131,0.011753602,0.57309058,0.218512504,0.210350894,0,0,0,0,0,0,0,1,0
CN_bodipy,OPS93,27.6781069,-10.81757657,-1.249342043,-3.484386043,4.642576704,-3.149966443,5.880862945,3.109565105,-7.503064618,-7.071491699,12.88412907,-13.87174635,-8.156557278,-0.79167718,-1.294369969,0.699184603,-0.263496434,0.065674076,0.0296685,-0.197995054,-0.233840081,-0.677870313,-0.134359829,0.474158974,-0.387272086,0.031201416,-0.02634266,-0.031017841,0.134394712,0,0,0,0,0,0,0,1,0
TPP+,OPS94,-1.413828848,-0.775299567,0.957493656,0.504368764,-1.310571081,0.342923579,-0.7188751,1.121073866,-0.884550307,4.078513197,2.391597049,1.766797802,-4.4706029,-3.247603409,7.119485385,0.00536987,-2.105972517,2.938042164,1.498409551,7.688169076,0.347344762,2.310422854,0.686561893,-2.269097789,1.473167373,-0.895182117,-1.626208986,-0.566787266,1.137423052,0,0,0,0,0,0,0,1,1
Me_TPP+,OPS95,-0.761366798,-0.749605064,0.443828147,-0.448715095,-1.023459425,1.105870035,-0.683134855,0.663191951,-0.038687927,4.375130852,2.449563224,1.70664852,-5.034481451,-2.883887198,8.410256561,0.999883887,-3.685609044,3.312618884,1.569392863,7.199918275,1.385798966,2.799786175,1.413376605,-2.801189653,0.664725364,-0.553018114,-2.179004309,-0.530942339,1.253800641,0,0,0,0,0,0,0,1,2
OMe_TPP+,OPS96,-1.15080912,-0.73138949,0.187344266,1.173276685,-0.329540955,0.281319168,-0.835753579,0.662378273,-0.732972939,6.160448539,2.037877243,1.525921707,-5.740079674,-6.266865928,11.2839494,0.568043669,-2.199685185,1.997130425,-0.968902745,4.573158387,0.971674205,-0.861118009,2.285647307,-0.608872496,0.693162562,0.270168538,0.306129118,-0.58035287,-0.782560135,0,0,0,0,0,0,0,1,2
Acr+,OPS97,-0.299872127,-0.888710475,0.552438439,0.66710037,-1.030974196,4.265424845,-1.091970152,0.115225228,-0.406274261,0.261129602,-0.366870902,-1.260505685,-1.360061614,-1.906905,0.71703067,-8.179096703,-0.403805873,0.106967127,1.850962548,-7.476619147,-1.697693964,9.767663001,0.769868512,-1.050999756,6.945241474,-0.998938899,2.165340795,-2.439863941,5.093433392,0,0,0,0,0,0,0,1,2
Acr+_Ph,OPS98,-0.750337324,-1.234975821,1.172701449,0.665823508,-0.305279367,6.056507226,-1.468201897,2.137026137,-1.041013181,-0.250961681,-0.510911746,-1.015252471,-0.794409064,-2.735731975,0.757549817,-6.783084327,0.660568469,-0.244022396,1.82104719,-5.212778871,-2.800858449,6.022179473,-0.420143264,-0.34341846,0.011640894,0.424036038,0.874190752,0.079077262,-1.79864628,0,0,0,0,0,0,0,1,2
Acr+_Mes,OPS99,0.354735338,-0.719624676,0.595454758,0.213893347,-0.736264588,13.47729333,-4.593743917,0.978096301,0.04935125,-1.660701644,0.395324745,-2.266121042,-0.337719309,-0.221944029,1.099001076,-7.11225353,-0.189646606,-0.778252489,1.946349754,-4.082476464,-0.111765232,4.956992692,-0.167575673,-1.097216232,-0.465687914,0.59767015,0.775037151,-0.226562312,-0.128146521,0,0,0,0,0,0,0,1,1
3_6_tBu_10_ph_Acr+_Mes,OPS100,1.290954454,-0.894035232,0.342169216,0.057763483,-1.436905068,27.34572303,-9.395619218,0.568836523,-0.182266129,-8.206196445,-2.983047714,-4.203842354,0.288202575,2.462549737,0.584429987,1.254577536,0.255182522,-1.38390142,-2.423834642,6.15882825,3.123397978,-6.437506014,-1.908872065,0.245616156,-1.267237965,0.222637421,-0.073869757,0.162749739,0.158273829,0,0,0,0,0,0,0,1,2
