Name,ID,HOMO,LUMO,E_S1,f_S1,E_T1,dEST,dDM,MF_0,MF_1,MF_2,MF_3,MF_4,MF_5,MF_6,MF_7,MF_8,MF_9,MF_10,MF_11,MF_12,MF_13,MF_14,MF_15,MF_16,MF_17,MF_18,MF_19,MF_20,MF_21,MF_22,MF_23,MF_24,MF_25,MF_26,MF_27,MF_28,Yield
4CzIPN,OPS1,-0.20639,-0.0888,3.262,0.185,3.033,0.229,14.2242,-0.679175251,-0.252871899,-3.069510633,-3.35427935,6.738171089,-0.351735614,1.048492628,-0.332707946,0.32883867,1.516473192,-0.541165432,0.056807459,-0.462064873,0.441370943,0.024629828,2.488521437,0.618165903,1.76406716,-0.641942134,1.748038324,1.284051442,1.061207165,-0.591773044,-0.505231648,-2.339599639,-1.9991293,-1.322718912,1.580475317,0.259082057,74
4tBuCzIPN,OPS2,-0.19621,-0.08203,3.1887,0.1207,2.9803,0.2084,17.0602,-0.58693001,0.07502017,-3.861980504,-4.779991358,7.832801721,1.539234951,-0.337564203,0.88278344,0.374476685,1.849787381,1.055120309,-1.396571138,-2.12307584,0.386645305,-2.288625454,-3.273435614,0.179531167,1.047480915,0.508676882,0.703858816,-0.19346118,2.350710114,0.421912277,0.224362155,-1.679061184,2.074397244,0.372015427,-1.38071759,0.331028936,47
4MeCzIPN,OPS3,-0.19686,-0.08286,3.1729,0.1881,2.9538,0.2191,15.6786,-0.213453622,-0.236167265,-3.546855929,-4.911598099,7.030975612,0.75124832,0.416148607,0.234891055,1.137516815,2.028111789,-0.268278382,-1.074616584,-0.086837734,0.298743576,0.72991071,-1.000839987,0.932432702,1.36050004,-0.946628576,0.650134766,1.73192697,3.900460553,0.095268577,0.487570155,-3.604861344,-1.236407342,0.067857961,1.77603872,1.323137548,37
4BrCzIPN,OPS4,-0.2236,-0.11433,3.1927,0.1235,3.0271,0.1656,8.3097,-0.195225078,-0.347025062,-3.654354712,-5.488857734,7.206064972,-0.593105429,1.483396631,0.024062273,1.677949273,2.57006408,0.005550926,-0.704729287,-1.098639233,-0.120340796,0.265362548,0.680073453,0.120699375,1.75452758,-5.272134666,0.658449199,1.903720124,3.16911189,-3.468722402,2.882067285,-4.452318807,5.459379993,0.663001106,5.227212249,-3.826527946,55
4OMeCzIPN,OPS5,-0.1854,-0.07855,3.0441,0.1658,2.8555,0.1886,7.2548,-0.713463759,-0.145508343,-4.073027658,-5.113907626,9.122052848,0.112791843,1.209892386,-0.058718959,0.61387285,0.168864948,-1.62667075,-3.174158529,3.028293823,-2.817415037,0.075393018,-0.471625266,-2.766259755,0.760473217,-0.158787441,-4.926154796,5.124465163,-0.107638001,-1.108851003,-0.586974447,1.664841865,0.080562804,0.687250066,0.37541159,0.066920385,0
4PhCzIPN,OPS6,-0.19569,-0.09205,3.1279,0.0199,3.0439,0.084,20.3008,-1.233046984,-0.202528118,-2.872199505,-1.626400318,7.378963006,-0.545545886,1.06815087,-0.120315422,0.023119303,0.803635116,0.648670096,-0.963605602,-0.456574102,-0.831358232,0.090925937,-0.084827786,1.275437273,3.168923324,-2.389254355,1.368192348,0.59396044,1.921582927,-2.730796811,0.309157307,-0.623902464,-0.415975895,-0.892309722,0.889104211,1.301076175,22
4DPAIPN,OPS7,-0.19312,-0.07487,3.1324,0.1749,2.7578,0.3746,6.2,-1.110977469,-0.390132082,-1.567365814,-3.037723606,-0.698214043,-1.186251045,1.046639349,0.119515506,-0.750811694,-2.086995464,1.265796255,0.107732166,-1.92271155,2.334231051,5.266932568,0.971148564,-1.930704517,-0.525777318,-0.517979058,1.23258019,-1.031456435,-1.285598134,0.021839297,0.15012004,0.0386725,-0.299794564,-0.148375442,-0.355328533,-0.482988256,74
4tBuDPAIPN,OPS8,-0.18604,-0.07053,3.0323,0.1249,2.7092,0.3231,7.4625,-0.996849156,-0.29488138,-2.256442396,-4.282254016,-0.454590485,0.002901956,0.08771721,1.424531144,-0.951074024,-1.719174812,2.561664621,-1.170537644,-3.471160052,2.774859515,3.409534941,-3.439430148,-1.647526164,-1.220490149,1.48872566,-0.061779363,-2.128357737,-0.053173091,1.055084747,-0.559404701,-0.451103215,1.902294407,0.21572313,-1.504932254,-1.343081765,17
4MeDPAIPN,OPS9,-0.17956,-0.06622,3.0266,0.2025,2.7414,0.2852,6.204,-0.561161393,-0.571107396,-1.787732495,-4.163284822,-1.442857295,-0.553631465,0.60970644,0.633655122,-0.157716073,-1.479402384,1.13477781,-0.686419188,-1.092369365,2.352662053,6.006439575,-0.918416662,-1.134640469,-1.421016112,-0.496177897,0.619835669,-0.731294787,0.422679548,0.904706835,0.642983134,-0.574547373,-1.317838157,-0.572259925,0.487621326,-0.446704519,29
4FDPAIPN,OPS10,-0.19846,-0.08545,3.0458,0.1753,2.6241,0.4217,8.538,-0.454924119,-0.668168387,-1.932307446,-4.563092023,-0.898709808,-1.528596721,1.767523132,1.546809172,-0.636529917,-2.901172385,1.689389304,-0.280837064,-3.279690503,3.760119271,9.659806831,0.537876473,-3.441647171,-2.318824454,-1.332025016,2.255321164,-2.466606964,-2.402004465,0.200712396,-0.081172591,2.11599932,0.789883915,-3.968118441,-3.551665672,-1.632686293,71
4ClDPAIPN,OPS11,-0.21058,-0.09706,3.0915,0.2171,2.8025,0.289,11.4693,-1.031563662,-0.320064087,-1.95577185,-4.380761611,-0.454974939,-1.389857968,1.118766863,0.572535205,-1.04466977,-2.687724552,0.219161731,1.970758235,-2.990887754,0.934789376,5.248330882,-0.519128142,-0.84411708,-3.211787397,-1.695268152,-0.702293206,-1.985822492,-1.513002884,-0.648910796,1.525264013,1.663913101,-0.164430865,0.050622972,-1.842982659,-0.056388853,78
4BrDPAIPN,OPS12,-0.21247,-0.09943,3.0949,0.1964,2.7429,0.352,6.0432,-0.591436644,-0.68735951,-1.816659823,-4.558619079,-1.594025641,-1.875343933,1.546840873,0.464131593,0.290795006,-0.95489311,1.638603941,-0.295801879,-2.309273702,2.051674778,5.366796333,0.377098292,-1.941896793,-0.98017445,-3.999615571,0.142582179,-1.058134137,-0.579399434,-1.932834223,1.83409019,-1.138152865,4.176140601,0.339734038,2.487735315,-4.20712365,74
3CzClIPN,OPS13,-0.21353,-0.09727,3.197,0.1616,3.0508,0.1462,6.0861,-0.825336014,-0.247717339,-3.57577576,-4.187750393,7.891862707,-0.273878435,1.061539439,-0.32009524,0.147362627,1.332688426,-1.124022424,0.70105295,-0.845325536,-0.674883033,-0.414086337,1.467829331,0.416589153,0.642526232,-0.44170004,-0.38266046,1.961630349,0.676890767,-1.052217267,-0.261976593,-0.035119809,-1.906299374,-0.363041793,-3.241406563,3.18080136,75
3tBuCzClIPN,OPS14,-0.20437,-0.09025,3.2311,0.1443,2.9647,0.2664,7.3891,-0.733090774,0.08017473,-4.368245632,-5.613462402,8.986493338,1.61709213,-0.324517393,0.895396147,0.193000642,1.666002615,0.472263317,-0.752325647,-2.506336504,-0.729608671,-2.727341619,-4.29412772,-0.022045584,-0.074060013,0.708918976,-1.426839968,0.484117726,1.966393716,-0.038531946,0.46761721,0.625418647,2.16722717,1.331692546,-6.202599469,3.252748238,49
3OMeCzClIPN,OPS15,-0.19139,-0.08693,3.0702,0.15,2.816,0.2542,10.7946,-0.859624523,-0.140353783,-4.579292786,-5.94737867,10.27574447,0.190649022,1.222939196,-0.046106252,0.432396808,-0.014919818,-2.209527742,-2.529913038,2.64503316,-3.933669013,-0.363323147,-1.492317372,-2.967836506,-0.361067711,0.041454654,-7.05685358,5.80204407,-0.491954399,-1.569295226,-0.343719393,3.969321696,0.17339273,1.646927185,-4.446470289,2.988639687,0
4CzPN,OPS16,-0.20875,-0.09408,3.3208,0.0603,2.9977,0.3231,23.532,-0.646548403,-0.248030135,-2.808429081,-2.961800348,6.066106665,-0.412428875,0.995735233,-0.378692578,0.252753881,1.384459114,-0.506088531,0.280140558,-0.456991091,0.676800928,0.154404327,2.939841194,0.759932689,1.64433491,-0.42648211,2.297558987,0.751471338,0.649428566,-0.242193084,-0.717470318,-2.459842717,-2.633434866,-1.722209188,2.272262789,-0.256206189,58
4DPAPN,OPS17,-0.19091,-0.07659,3.1116,0.0363,2.7239,0.3877,24.7422,-1.122441917,-0.384676581,-1.545272684,-2.954379942,-0.680721417,-1.189205277,1.043650905,0.056247103,-0.767623895,-2.087993274,1.243269555,0.125006679,-1.844980514,2.316336306,5.157249566,1.175661222,-1.932192273,-0.343303534,-0.416923269,1.336048608,-0.92277292,-1.346314478,0.040780993,0.049241818,-0.021779058,-0.59625302,-0.000998978,-0.244581331,-0.197503846,6
4CzTPN,OPS18,-0.20627,-0.0993,3.083,0.2632,2.86,0.223,0.0025,-0.624012269,-0.236628084,-2.68583556,-2.820393082,5.750453151,-0.373319,0.919658771,-0.343068164,0.224274092,1.256154684,-0.481151442,0.250934315,-0.412271268,0.557858741,0.100000939,2.51313231,0.621853932,1.363094295,-0.31665757,1.81315857,0.702503704,0.510944102,-0.200369104,-0.599315337,-1.77965635,-2.084181831,-1.279624913,1.357291272,0.03586267,13
4DPATPN,OPS19,-0.18716,-0.07998,2.8199,0.2384,2.4316,0.3883,1.1786,-1.042564768,-0.347349473,-1.369909433,-2.534967712,-0.583345235,-1.026258382,0.886172714,-0.007780962,-0.650058589,-1.725163419,0.997996008,0.11670643,-1.415621276,1.829961262,3.895942319,1.067477153,-1.440917813,-0.091935014,-0.213389052,1.040348414,-0.550368807,-0.982896344,0.04313072,-0.055831864,-0.06564116,-0.613486097,0.127097258,-0.04071718,0.141875183,2
1CzTRZ,OPS20,-0.19896,-0.07101,3.8438,0.8106,3.3406,0.5032,7.781,-1.880477403,-0.459951389,-0.479531941,1.468216568,1.669601548,-1.261475852,-0.117622853,-1.300149552,-1.023626551,-0.521801498,-0.506266763,-0.106783177,0.220086448,-0.452264065,-6.589975849,2.513201795,-0.983795575,3.243321861,-0.48457781,1.675215688,-4.395986,-2.679728331,-1.92662036,0.272939607,-1.966291213,-2.915814509,-3.080789077,0.437342391,0.53879389,1
1tBuCzTRZ,OPS21,-0.19256,-0.06941,3.7237,0.8453,3.262,0.4617,12.5004,-2.086909426,-0.202878316,-1.268387955,0.47646035,2.755366034,0.652205,-1.5587937,-0.374966856,-1.138384879,-0.291420118,1.201899137,-1.413437841,-1.503292426,-0.476270236,-9.020352804,-2.735115854,-1.540640704,2.822369088,0.994861935,0.796286763,-5.934344558,-1.704484073,-1.059320856,0.680146832,-1.561669504,0.901200237,-1.418337497,-2.432732359,0.802226403,6
1DPATRZ,OPS22,-0.18787,-0.06162,3.5635,1.1287,2.9505,0.613,13.9532,-2.117560112,-0.487544204,0.379497404,0.498667319,-3.345484795,-1.659010672,0.061920242,-0.722345173,-1.63376171,-2.830589233,0.880001641,-0.586759717,-0.674377787,-0.450965592,-2.914308967,0.37691702,-1.71555723,2.82211141,-1.489642607,-0.248543563,-2.96914276,-1.373358694,-2.855982315,1.81600808,-0.042311003,-1.059666328,-0.054080398,0.051153894,1.527017325,34
1tBuDPATRZ,OPS23,-0.18284,-0.05984,3.4961,1.167,2.896,0.6001,11.3583,-2.302047402,-0.461280597,-0.256098093,-0.049848984,-2.89042745,-0.396228145,-0.996729901,0.058624258,-2.02049383,-2.578341633,2.310415924,-1.67801804,-2.194166452,0.019209596,-4.91571637,-3.327404645,-1.666828426,2.543363518,0.732139806,-1.156341396,-4.219266874,-0.607751367,-2.096648775,0.870836117,-0.833964746,0.742301315,0.314389518,-1.188536684,1.058990322,39
1ClDPATRZ,OPS24,-0.19729,-0.06844,3.6168,1.114,3.022,0.5948,9.7855,-2.336761908,-0.486463304,0.044572453,-0.14835658,-2.890811904,-1.788988069,0.034319752,-0.793371682,-2.114089576,-3.546891373,-0.032086966,1.463277839,-1.713894153,-1.820860543,-3.076920429,-0.407102639,-0.863419341,0.55206627,-2.451854006,-1.79685524,-4.076731629,-2.06758116,-3.800644319,2.955504831,1.28105157,-1.324423957,0.149289359,-1.526587089,2.345683234,11
1BrDPATRZ,OPS25,-0.19686,-0.06856,3.6164,1.1245,3.0295,0.5869,8.5219,-1.89663489,-0.853758727,0.183684481,-0.326214048,-4.029862606,-2.274474034,0.462393762,-0.901775294,-0.7786248,-1.814059932,1.387355244,-0.803282275,-1.032280102,-0.703975141,-2.958454978,0.489123795,-1.961199055,2.783679216,-4.756201425,-0.951979855,-3.149043274,-1.13397771,-5.084567746,3.264331008,-1.521014395,3.016147509,0.438400425,2.804130885,-1.805051564,24
1OMeDPATRZ,OPS26,-0.17664,-0.05799,3.4627,1.1816,2.8529,0.6098,11.5369,-2.378985639,-0.660802783,-0.161446261,0.275364983,-2.117384094,-1.526853931,0.150698821,-0.999290949,-1.873263563,-4.285930958,-0.172693786,-3.216256505,2.967374956,-3.065816709,-3.063747711,-0.35384373,-4.347088651,2.150930263,-0.175688954,-5.005051398,-0.779335396,-3.793471398,-3.012305627,0.477650132,2.270808887,-1.093823241,0.096106034,1.019595615,-0.173823029,12
1PhDPATRZ,OPS27,-0.18459,-0.06306,3.4584,1.2285,2.9161,0.5423,12.5267,-2.119404797,-0.500752925,0.397963793,0.820130754,-3.097246457,-1.654933477,0.059722976,-0.617126022,-1.65377762,-2.86066348,0.874448661,-0.884280827,-0.314024844,-0.74905418,-2.930524752,0.000932032,-1.236442308,2.718512958,-1.795337077,-0.152162123,-3.153910722,-1.169845888,-3.095980746,1.781434562,-0.028902853,-0.922823244,-0.249225966,0.113345558,1.446499093,26
1PTZTRZ,OPS28,-0.18237,-0.07461,3.552,0.0001,3.4653,0.0867,1.9025,-2.088670591,-0.74623023,0.894139616,8.629861952,1.306661359,-3.566504754,-0.68554361,-0.226626865,-0.261926892,-1.375726029,0.990855013,0.362531083,0.071782526,0.183502075,-4.408596394,1.223923191,-6.940722127,-2.14530016,-2.213955888,1.036212362,-2.290071893,0.666928313,-1.905066153,2.941150549,-2.080171111,-1.990002562,0.594997679,-0.836928202,0.906078922,2
2CzBP,OPS29,-0.20318,-0.07263,3.7099,0.0185,3.2,0.5099,4.1741,-1.572222246,-0.364203063,-0.477595629,-0.319204565,0.438728429,-0.743046653,0.540898212,-0.700944618,-0.468133906,0.330905408,-1.77015181,0.50856918,-0.284170284,1.577021908,-6.336130597,3.46093122,3.264607124,-1.427065242,-2.054513743,1.238793542,1.352464681,-0.677632673,2.574130632,-3.216440593,-1.328916637,-2.30601619,-3.578081613,-0.011506313,-0.553733763,2
2DMABP,OPS30,-0.18839,-0.03296,3.8921,0.0113,3.2177,0.6744,2.1279,-1.205684068,-0.20633584,0.831188137,-1.409350444,-4.181047121,0.562830042,1.785813423,3.615758319,-0.850782068,-1.769191638,-1.726763473,-0.818063938,-0.58547186,0.684457112,-3.363395309,1.168381397,3.779868817,-2.974456192,-4.531729474,-0.965721745,3.294067046,1.463098935,2.83189764,-1.749417033,0.4373735,-0.682803096,-0.283829729,-1.118026263,-0.711945254,0
2DPABP,OPS31,-0.18647,-0.05342,3.6117,1.1705,3.0476,0.5641,10.5855,-1.898011696,-0.411412503,0.424920954,-1.158870164,-4.682725791,-1.142647094,0.731243504,-0.246848675,-1.162075335,-2.092635498,-0.295595583,0.026990976,-1.223017101,1.592292357,-2.729907241,1.382667061,2.38788599,-1.684979355,-3.211246588,-0.578875368,2.726501108,0.525372742,1.500688741,-1.539428645,0.59262936,-0.613725359,-0.472142378,-0.529989752,0.608985229,47
2tBuDPABP,OPS32,-0.18033,-0.04947,3.5525,1.2289,3.0124,0.5401,3.2452,-1.695114982,-0.294713276,-0.257775638,-2.271225909,-4.112434423,0.099490768,-0.283094822,0.948137882,-1.304604843,-1.622701918,0.934650718,-1.209389616,-2.636055277,2.017776103,-4.544749445,-2.893314623,2.699784666,-2.422657057,-1.166616857,-1.758014125,1.590029742,1.708602981,2.550488033,-2.296157505,0.059326577,1.608611433,-0.150620259,-1.728503545,-0.225022966,51
2MeDPABP,OPS33,-0.18065,-0.04943,3.5628,1.2249,3.0017,0.5611,3.4051,-1.259427218,-0.570939292,0.210934262,-2.152256715,-5.100701233,-0.457042654,0.238894408,0.15726186,-0.511246892,-1.382929489,-0.492236094,-0.72527116,-0.25726459,1.595578641,-1.947844811,-0.372301137,3.212670361,-2.62318302,-3.151520413,-1.076399093,2.987092693,2.18445562,2.400110121,-1.093769669,-0.064117581,-1.611521131,-0.938603314,0.264050035,0.671354279,43
2ClDPABP,OPS34,-0.19983,-0.06696,3.6407,1.1958,3.0588,0.5819,2.4965,-1.729829487,-0.319895983,0.042894907,-2.369733504,-4.112818877,-1.293269157,0.747954831,0.096141943,-1.398200589,-2.591251657,-1.407852173,1.931906263,-2.155782979,0.177705964,-2.705953503,0.026987383,3.503193751,-4.413954306,-4.350610669,-2.398527969,1.732564987,0.248773188,0.84649249,-0.21148879,2.174342893,-0.458113839,-0.315720417,-2.06655395,1.061669946,47
2BrDPABP,OPS35,-0.19934,-0.06713,3.6355,1.2161,3.061,0.5745,2.3507,-1.28970247,-0.687191406,0.182006935,-2.547590972,-5.25186958,-1.778755122,1.176028841,-0.012261669,-0.062735813,-0.858420216,0.011590038,-0.334653851,-1.474168927,1.294591366,-2.587488053,0.923213818,2.405414037,-2.182341359,-6.654958087,-1.553652584,2.660253343,1.182376638,-0.437430937,0.097337386,-0.627723072,3.882457627,-0.026609352,2.264164025,-3.089064852,42
2PhDPABP,OPS36,-0.18364,-0.05648,3.4923,1.3807,3.0058,0.4865,3.0055,-2.152704321,-0.484204777,0.591035963,-0.298324463,-4.484700027,-1.25607541,0.870305545,-0.385525625,-1.552537358,-2.649857337,-0.069242579,-0.616515012,-0.657089634,0.674049678,-3.302031259,0.762797732,2.765231865,-0.900063674,-4.137242088,-0.427204584,1.720706893,0.676097394,0.370525537,-1.30894418,0.844007754,-0.663632896,-0.998068338,-0.459703065,0.761663003,58
2CzPN,OPS37,-0.21407,-0.09152,3.5246,0.1345,3.1201,0.4045,9.4021,-0.365301329,0.788038127,-2.144447611,-0.964854803,4.994406771,-0.612684834,0.262258386,-0.291432648,0.359506139,1.852275507,-0.328048806,1.755029518,-0.889736639,-0.389416709,-1.804389383,1.644339849,1.9009427,-1.105379048,0.765502848,2.790234529,-4.463066979,-1.628568776,4.769604022,1.225205552,4.504710308,-2.002126891,1.38381556,2.990716056,-3.729110706,24
2tBuCzPN,OPS38,-0.20513,-0.08754,3.3855,0.1164,3.0249,0.3606,11.1744,-0.309542499,1.01753875,-2.983629635,-2.432059416,5.949598319,1.160632064,-1.08544051,0.914354167,0.257513959,1.984278083,1.340659243,0.313999188,-2.643640576,-0.238054103,-4.10735533,-4.008275565,1.393698093,-1.764386174,1.999632502,1.64286124,-5.877166996,-0.425503079,5.817694943,1.930323581,5.023852495,1.891157984,3.035363394,0.142689006,-3.720538274,56
2ClCzPN,OPS39,-0.22798,-0.10735,3.5473,0.1024,3.1826,0.3647,9.159,-0.409106569,1.035026913,-2.65612939,-2.462386743,5.817065182,-0.380325896,-0.146011283,-0.057608926,0.003054595,0.843506685,-1.948833704,5.696263235,-2.590260234,-3.484183049,-1.453654406,-1.660617736,3.058753425,-5.052013573,0.106632741,0.216364268,-6.108074299,-1.853093298,3.936000453,3.737685006,6.570039533,-0.321827111,3.085569499,1.539551092,-3.364080358,29
1tBuDPAN,OPS40,-0.17692,-0.03796,3.7082,0.2172,3.0394,0.6688,3.7622,-2.135180116,-0.513468759,-0.907614211,0.594324508,-1.77970983,-0.026760479,-1.311825924,1.066224949,-0.461581962,1.018898308,3.537615,-1.392637062,-3.093750327,1.158782652,-0.684359704,-5.222747772,1.777533403,1.727583247,5.311459652,-2.801814591,-2.402369643,1.571635049,1.577401278,-5.593663944,-4.277518664,1.120765645,3.502254883,0.02662804,-0.173787119,0
PNZN,OPS41,-0.17142,-0.04905,3.5257,0,3.3342,0.1915,0.4707,-1.210958337,-0.067115397,1.240891684,9.156180255,3.112182085,-2.202803432,0.527397813,0.408796338,0.96503078,1.273073869,2.339417578,-0.18621126,-1.692556653,1.228273895,4.191874754,-0.455272557,7.885325699,3.850209232,0.194447535,-3.252524075,2.788057201,-6.194278832,2.92237782,4.022080735,-2.488295147,-0.304592191,1.947908434,-1.711290584,-0.526799246,3
biphenylPNZN,OPS42,-0.17067,-0.05197,3.4578,0.0005,2.9913,0.4665,2.5192,-1.804934666,-0.127524887,1.595131102,11.90035805,3.851272213,-2.864828483,0.679665155,0.585864319,0.362926924,1.042288285,3.773550031,-1.036276064,-1.627059955,-0.333113225,4.664861094,-2.305009242,10.2312693,6.688579086,-1.9506368,-2.826931831,1.595360465,-5.268746444,-1.131619275,2.686536114,1.247078505,-0.326636702,0.050202934,-1.107899637,0.462998003,62
PTZN,OPS43,-0.17982,-0.04987,3.76,0.0003,3.3275,0.4325,0.3944,-1.768420909,-0.63822985,0.577031825,10.24727006,3.208807962,-3.421769247,-0.67232764,1.184598558,0.279558696,1.291293747,2.667872734,0.994487014,-1.024651744,0.768781273,1.65243763,-0.183668492,-0.776629905,-1.959074721,-0.612367056,0.022997197,1.133108461,3.061138467,-1.026744061,-1.065690652,0.373156474,-2.284622857,2.067309561,0.417348116,-1.376798224,1
biphenylPTZN,OPS44,-0.17757,-0.05224,3.6231,0.4335,3.118,0.5051,1.5614,-1.882193595,-0.994005591,0.935803864,12.69776156,3.859599482,-4.006965374,-0.56175661,1.53719234,-0.879907245,1.546934705,3.775757692,-0.018973846,-1.190944681,-0.706951231,2.367655569,-2.115434745,1.679263179,0.534040413,-2.110208873,0.433070187,0.290210274,3.81166839,-4.127394044,-2.940360754,3.937049273,-1.144134449,-0.519659738,1.140136608,-0.39736053,76
CF3PTZN,OPS45,-0.18961,-0.0591,3.6146,0.3629,3.1037,0.5109,2.5205,-1.651201832,-1.355161894,1.031405583,14.48290996,4.622659131,-3.277010155,-0.451538247,5.417446165,-0.724855246,2.608839353,4.684149233,-0.53471361,-2.865305672,-0.593806033,2.240125145,-4.544050305,0.922823987,-0.718721908,-0.233385703,1.029876637,0.079407551,4.941301376,-3.857339512,-6.512804034,5.967257237,3.457052178,-4.976126213,1.889568906,0.735926833,49
2DPAB,OPS46,-0.16958,-0.01609,3.8658,0.0227,3.291,0.5748,0,-1.419732988,-0.466447958,-0.047442204,-0.512396535,-2.850327434,-0.775541333,0.21083422,-0.285169143,-0.578453539,-1.202950191,0.208008972,-0.008491178,-0.480134671,0.645668226,0.401861495,0.753020917,-0.273938405,0.522662956,0.354881379,0.215727855,0.304382551,-0.314773771,-0.076804961,0.172769257,-0.032718083,-0.46866131,0.609553336,0.288103199,0.555405853,0
2DPAN,OPS47,-0.17654,-0.04474,3.4914,0.4022,2.8244,0.667,1.4327,-1.763764644,-0.596096273,-0.313572321,-0.456965689,-2.84773346,-0.634259576,-0.030036752,-0.526592138,-0.096274989,0.314457132,0.917914049,-0.098560428,-0.689337555,0.554142275,0.344026028,0.092324464,0.310316469,1.348421107,2.596692767,-0.607039485,-1.233499467,-0.322347282,0.764348021,-3.770952215,-3.726964175,-2.080368547,2.112149535,1.015058822,0.846962143,1
2tBuDPAN,OPS48,-0.17028,-0.04135,3.4103,0.4193,2.784,0.6263,1.6598,-1.948313596,-0.571664566,-0.999035046,-1.267540308,-2.612976048,0.577603713,-1.044072906,0.488114809,-0.456933661,0.579344974,2.325662575,-1.230106304,-2.300153963,1.025490206,-1.630493273,-3.804614845,0.475284429,0.949341748,4.932218214,-1.736148455,-2.391246704,0.595819071,1.651207654,-4.802863535,-4.472656636,-0.134791375,2.443965348,-0.043426741,0.178354269,1
2MeDPAN,OPS49,-0.16909,-0.04084,3.3744,0.4004,2.7522,0.6222,1.6989,-1.512625832,-0.847890583,-0.530325146,-1.148571114,-3.601242857,0.021070292,-0.522083676,-0.302761213,0.33642429,0.819117402,0.898775763,-0.745987848,0.078636724,0.603292744,0.966411361,-1.28360136,0.988170124,0.748815785,2.947314658,-1.054533423,-0.994183754,1.071671709,1.500829742,-3.6004757,-4.596100794,-3.354923939,1.655982293,1.949126838,1.074731515,1
2DPAA,OPS50,-0.17836,-0.06945,2.9725,0.2857,2.1241,0.8484,0,-1.494319465,-0.350669374,-0.432193066,-0.628546992,-2.20225453,-0.57794336,0.189298498,-0.288873739,-0.846513875,-1.502243488,0.449398481,-0.18560784,-0.69134618,1.137210217,2.217550503,0.929257462,-0.640074641,0.379752178,1.698301382,-0.354897712,-0.333945004,-1.291988894,0.333627898,-1.934639973,-0.564692088,-1.960131264,0.441363572,1.126464747,-1.040508538,0
2tBuDPAA,OPS51,-0.17252,-0.0666,2.8792,0.2813,2.1027,0.7765,0.0173,-1.678868416,-0.326237666,-1.117655791,-1.43912161,-1.967497118,0.633919929,-0.824737657,0.725833208,-1.207172548,-1.237355646,1.857147007,-1.317153716,-2.302162589,1.608558148,0.243031202,-2.967681847,-0.47510668,-0.019327181,4.033826829,-1.484006682,-1.491692241,-0.373822541,1.220487532,-2.966551292,-1.310384549,-0.014554092,0.773179385,0.067979183,-1.709116411,0
2MeDPAA,OPS52,-0.17204,-0.06625,2.8733,0.2734,2.1007,0.7726,0.068,-1.243180652,-0.602463683,-0.648945891,-1.320152417,-2.955763928,0.077386508,-0.302748427,-0.065042814,-0.413814597,-0.997583218,0.430260195,-0.83303526,0.076628098,1.186360686,2.839935836,-0.446668361,0.037779014,-0.219853143,2.048923272,-0.80239165,-0.094629291,0.102030097,1.07010962,-1.764163457,-1.433828707,-3.234686657,-0.014803671,2.060532763,-0.812739165,0
2OMeDPAA,OPS53,-0.16348,-0.0643,2.7205,0.254,2.0389,0.6816,0,-1.755806652,-0.525759853,-1.023003959,-1.113907643,-1.194453763,-0.496705857,0.322691065,-0.332081998,-1.059942281,-2.94494497,-0.625962704,-2.855392181,2.859378819,-1.476468157,2.094999861,0.005879068,-3.155366905,-0.411760435,3.125998069,-5.332716684,1.948239237,-3.559542573,0.30483068,-3.359737277,1.794389084,-1.850678649,0.554895901,2.276111483,-2.941929762,0
3CzNB,OPS54,-0.20716,-0.08754,3.4177,0.0669,3.0551,0.3626,0.5725,-1.793455454,-0.404748346,-0.947605098,0.593498448,0.031900453,-2.282424013,0.646740713,-2.142687321,5.19436321,11.33250352,0.228332196,2.542555629,1.93367161,-3.292589566,-3.340456294,3.479636622,-0.305577668,-0.387040076,1.239078589,3.535134029,-1.602692338,-2.817433888,3.120476994,-0.651155242,2.762629009,-4.904690577,-5.330638083,-1.253735552,-3.17604183,0
3DPANB,OPS55,-0.18594,-0.06772,3.1973,0.0899,2.9176,0.2797,4.8589,-2.288018555,-0.586226154,-0.151129366,-2.326585591,-8.283742306,-2.905651645,0.908545339,-2.327080581,6.22078632,11.72287323,2.784122345,1.078987239,1.866667859,-3.993811113,1.118379114,0.228521748,-1.696483347,0.704756079,-0.211276576,-0.558616924,-0.241421014,-1.32421629,-0.466929685,-1.123866401,0.885249229,0.027018182,0.82615615,-2.334852307,2.352549599,2
3MeDPANB,OPS56,-0.17746,-0.05853,3.1371,0.1188,2.832,0.3051,5.6978,-1.738202479,-0.767201468,-0.371496048,-3.452146808,-9.028385558,-2.273032064,0.471612429,-1.812940966,6.813881942,12.33046631,2.653103901,0.284835886,2.697010044,-3.975380111,1.85788612,-1.661043478,-0.9004193,-0.190482715,-0.189475414,-1.171361444,0.058740634,0.384061393,0.415937853,-0.631003306,0.272029355,-0.991025411,0.402271667,-1.491902449,2.388833335,0
3BrDPANB,OPS57,-0.20296,-0.08203,3.2471,0.1278,2.8964,0.3507,14.5128,-1.768477731,-0.883453581,-0.400423375,-3.847481065,-9.179553905,-3.594744533,1.408746862,-1.982464495,7.262393021,12.85497558,3.156930032,0.675453194,1.480105707,-4.276367386,1.218242878,-0.365528523,-1.707675624,0.250358946,-3.692913088,-1.648614935,-0.268098716,-0.618017589,-2.421603205,0.560103749,-0.291576136,4.502953347,1.314265629,0.508211541,-1.371585796,8
2CzAQ,OPS58,-0.20593,-0.1085,3.1012,0,2.7358,0.3654,0,-0.743673608,0.88815931,-0.473904423,0.467265464,1.889408735,0.148597365,0.708384241,-1.433653912,0.189613403,2.185998518,-4.173954992,2.24235375,1.94042436,3.566638774,-4.241295709,5.348676549,1.551756827,1.399956801,5.674507201,7.192895967,1.408066541,-3.274358873,-3.480802327,-2.751386675,1.352077569,1.324291028,-0.025196666,-1.21887132,-0.334511897,0
2DPAAQ,OPS59,-0.19071,-0.08747,2.9778,0,2.4274,0.5504,0,-1.18201662,0.827085511,0.525544483,-0.373279262,-3.849500846,-0.279786366,0.841791058,-1.011524938,-0.654112766,-0.53238329,-2.545982684,1.623643226,0.884199537,3.543091509,-1.141830302,2.758596823,1.082418791,1.06441894,4.114758967,4.544208856,3.198238117,-1.429696008,-4.461520951,-1.137170373,3.025018392,3.578727535,4.969727709,-1.436473218,0.860767275,0
2DPASF,OPS60,-0.19054,-0.04376,3.8676,0.907,3.2936,0.574,4.1231,-1.459415893,0.197208556,-0.129272168,-1.242308664,-5.18372825,-1.070699879,0.254724985,-0.372468728,-0.357244382,-0.368871242,0.47768874,-0.174987186,-0.659709093,1.751276851,-0.397754389,-1.171289421,0.669053352,0.056969384,6.058479843,0.5967897,3.912513907,3.199143375,-1.597267876,7.542007318,2.606077477,-2.46929701,-2.706944482,2.965056441,1.624017136,0
2tBuDPASF,OPS61,-0.18418,-0.03958,3.8148,0.9369,3.2521,0.5627,19.7758,-1.256519178,0.313907783,-0.81196876,-2.354664408,-4.613436882,0.171437982,-0.759613341,0.822517829,-0.49977389,0.101062339,1.70793504,-1.411367777,-2.072747269,2.176760597,-2.212596593,-5.447271104,0.980952029,-0.680708319,8.103109575,-0.582349057,2.776042541,4.382373614,-0.547468584,6.785278459,2.072774694,-0.246960217,-2.385422363,1.766542649,0.790008941,1
2MeDPASF,OPS62,-0.18439,-0.03949,3.8224,0.9468,3.2533,0.5691,19.8935,-0.820831415,0.037681767,-0.343258859,-2.235695214,-5.601703692,-0.385095439,-0.237624111,0.031641807,0.293584061,0.340834767,0.281048229,-0.927249321,0.306043418,1.754563135,0.384308041,-2.926257618,1.493837723,-0.881234282,6.118206019,0.099265975,4.173105492,4.858226253,-0.697846497,7.987666294,1.949330536,-3.467092782,-3.173405419,3.759096229,1.686386186,0
CF3PhDPZ,OPS63,-0.1619,-0.04155,3.3175,0,2.9345,0.383,0,-0.828612526,-0.860704081,0.348359239,5.59128647,1.529532014,-0.306808859,0.071768614,3.405692276,0.75846442,0.724684919,0.095255506,-0.552474048,-0.845062394,1.221277398,-1.445775544,-0.705249568,-3.068076398,-2.865628115,2.727832182,0.834813413,-0.028246212,-1.050290517,2.558525031,-2.188019269,-0.062047878,6.534270372,-6.487468477,1.220025793,2.218412345,15
OMePhDPZ,OPS64,-0.14485,-0.01104,3.4138,0,2.897,0.5168,0,-1.217032189,-0.650365017,-0.408100948,3.197815003,1.882878109,-1.005751097,-0.035423404,-0.522245162,0.524161282,-1.633640427,-2.006913379,-2.479956556,4.414275972,-1.351357727,-1.004893434,1.045225095,-4.918892986,-2.501650812,2.576539008,-4.378365533,2.905419915,-4.497008568,2.692203497,-0.299594767,0.364210661,2.048394082,-1.806210256,1.49778145,-0.70070161,1
NapDPZ,OPS65,-0.15201,-0.04408,3.3012,0,2.9882,0.313,0.1154,-0.762576907,-0.441358647,0.278420525,5.109317475,1.6254487,-1.460904873,-0.553130923,-0.364940482,2.19651663,-0.363766733,-1.677188394,-0.784210403,1.023853995,0.648815689,-1.507620433,2.446589825,-3.521122159,-3.393822142,2.5092463,-0.813440367,0.818554128,-4.109674605,6.747586843,1.980697545,-4.121955929,8.798273633,-6.602311059,3.540493205,3.864596329,10
3DPA2FBN,OPS66,-0.18763,-0.0591,3.3289,0.2519,2.9793,0.3496,3.2092,-0.785591546,-0.683093957,-1.595085204,-3.013520612,-0.657960891,-1.30601037,1.464087215,0.508898998,-0.777451115,-2.47174216,1.214152119,0.260403824,-2.358165563,3.290041894,6.824561571,2.750345831,-3.010824988,-0.088907593,0.613776753,4.169307765,-1.258953602,-3.488504741,-1.036975057,-2.264757915,2.219088255,-1.609233422,-3.862541679,-4.644996938,4.935101379,65
5CzBN,OPS67,-0.20063,-0.07542,3.5356,0.2762,3.2477,0.2879,5.6148,-0.650236142,-0.245680214,-2.866073062,-3.06554885,6.214005115,-0.37212877,0.987623559,-0.344081104,0.278033262,1.392123024,-0.502146697,0.166464957,-0.439673113,0.538526773,0.087025612,2.575459882,0.651955756,1.600312523,-0.498808711,1.897686044,0.946503099,0.793860029,-0.384402797,-0.562694431,-2.188062005,-2.104951314,-1.377252266,1.723773371,0.011321465,79
2DPABz,OPS68,-0.19069,-0.06958,3.0227,0.0037,2.5871,0.4356,7.8561,-1.597278842,0.094870194,0.262293458,-1.053234532,-4.377051422,-1.19719567,0.658415083,-0.398705049,-1.175078354,-1.930201066,-0.071981892,0.230414037,-1.232773226,1.402070308,-2.13338763,1.344591923,1.703792255,-1.171968952,-2.183896652,-0.174163179,1.640797562,-0.039284524,1.657909646,-0.731181111,1.582825674,-1.106143482,0.54480983,0.145925191,0.613955513,0
DPABT,OPS69,-0.18556,-0.05394,3.5717,1.3009,2.8871,0.6846,5.9631,-0.876596893,0.413354349,3.412585714,0.122815428,-4.283548856,-2.459275385,-4.522695167,-1.242827014,-3.059380078,-5.759457506,-0.331980557,9.3033088,-3.956521075,-9.08875709,0.883821875,-0.874585445,-8.063469973,15.6823385,-1.702061771,5.153735035,6.647789789,4.284763262,9.27613949,-0.563696618,2.453699072,1.920483333,0.646598735,-1.091674089,-1.663433579,1
PhPNZ,OPS70,-0.16899,-0.01766,3.9776,0.035,3.3033,0.6743,1.17,-0.35135053,-0.418047595,1.201007558,6.591142374,1.641304776,-1.486054959,0.656728099,-0.586473389,1.671899915,0.206962474,-0.016530585,-0.152228751,-0.45956322,1.823216207,1.941354045,1.150954948,3.184871165,1.252387844,0.222582015,-1.921645907,2.874447063,-7.189870692,4.837051227,6.731704024,-4.98297228,0.07435622,2.148264249,-3.039851923,0.578667641,0
PhPTZ,OPS71,-0.16887,-0.02148,3.713,0.0109,3.1473,0.5657,0.0881,-0.908813102,-0.989162048,0.537147699,7.68223218,1.737930653,-2.705020773,-0.542997355,0.189328831,0.986427831,0.225182351,0.311924571,1.028469523,0.208341689,1.363723585,-0.598083079,1.422559012,-5.47708444,-4.556896108,-0.584232576,1.353875365,1.219498324,2.065546608,0.887929346,1.643932637,-2.121520659,-1.905674447,2.267665375,-0.911213224,-0.271331337,0
ph_bPTZ,OPS72,-0.17426,-0.03323,3.7625,0.223,3.1359,0.6266,4.7279,-1.193841651,-0.990066432,0.800669745,11.25431038,3.05152308,-4.032500865,-1.000892297,0.639517254,1.480197374,0.584856587,1.004171171,1.076909656,0.612971193,1.229091787,-0.69351222,1.635867358,-9.846084024,-8.483310866,-1.126690213,1.40486957,2.37719115,5.112238694,1.495194372,2.718234618,-3.168066769,-3.4757985,6.852063188,-2.520461141,-1.09964814,7
9_10_DPA,OPS73,-0.1872,-0.05837,3.639,0.3496,2.3196,1.3194,0,-1.301387416,-0.358380217,0.539460255,1.286857883,-0.126672549,1.5567919,0.280406516,-1.88912211,-0.959826288,-1.125932282,0.049211836,-0.635874093,1.212549675,-0.752542481,0.165502835,2.810300778,0.217939505,1.11931541,1.010894826,-1.523360941,-1.122055683,-0.338780212,-0.840477821,-1.283120907,0.323472084,-1.638305331,-0.166275785,2.145320077,-1.733311439,0
9_10_DAA,OPS74,-0.18384,-0.05504,3.6356,0.3763,2.318,1.3176,0,-1.545527814,-0.535138312,-0.1074896,0.861472062,0.962041519,1.476022467,0.264827697,-1.935982932,-1.155296551,-2.617989071,-1.079784451,-3.18752798,4.885155225,-3.451738159,0.296002577,1.984327709,-2.446691715,0.561718864,2.515088449,-6.088827682,1.39878073,-2.684115162,-0.708210945,-2.914865246,2.911782966,-1.564221728,-0.057762227,3.183163224,-3.449609689,0
perylene,OPS75,-0.18188,-0.06947,3.196,0.791,2.0783,1.1177,0,-0.921932769,-0.186750999,0.13318064,2.051156843,0.294370621,-0.046776631,-0.649357241,0.012124061,0.099295687,0.321899424,-1.655654938,1.009693478,1.384694126,2.657956179,1.234791014,-0.284752487,1.579675218,1.661558916,0.271297562,-1.559079843,-1.417150932,0.783326466,0.901509509,-1.678895673,-0.369339464,-0.474598775,0.619349902,2.005631614,-2.002332989,0
9_10_DCA,OPS76,-0.22657,-0.1128,3.2747,0.3366,2.003,1.2717,0,-0.715459094,-0.358757827,-1.231812714,-1.359344754,1.950069953,-0.163044867,0.514285138,-0.153454233,-0.122972851,-0.523466202,0.142391577,0.453382933,-0.206100224,1.038857307,2.294609132,1.903424392,0.307915573,0.035441325,0.338118747,0.957733903,-0.312897145,-0.267455591,0.306831203,-0.801303452,-1.031505507,-1.009017292,0.118969433,1.460192059,-0.276449915,0
3_5_diMePh_PDI,OPS77,-0.21763,-0.12449,2.7184,1.4659,1.7085,1.0099,0.0002,1.01163236,0.379042917,0.916745002,2.661253034,-0.616851219,5.820390793,-3.463212131,-0.131763803,2.200433404,4.42882555,-14.23260386,6.455982731,9.047481591,14.95687702,1.969530344,-8.263857788,-2.382181769,5.416577976,-5.093039221,-4.23073752,-3.484717209,2.255871612,0.794254124,-0.123680912,1.859404356,-0.841575355,-1.581137096,-0.239182532,-0.198051018,0
Ph_NDI,OPS78,-0.25262,-0.1237,3.8271,0.7675,2.544,1.2831,0,0.668102422,-0.017216555,0.834147499,3.08314661,-0.430396675,0.973079016,-0.826883285,-1.158010185,1.269064381,1.229177062,-7.984006716,3.818980999,3.931864289,7.591569646,0.148256744,-1.749427295,-2.000275622,1.617188694,-0.987234316,-0.886786259,-0.971897218,-0.220059126,0.099327534,0.473309969,-0.628485499,0.500178844,0.733061379,-1.062196762,0.594492784,9
Me_TAPB,OPS79,-0.17326,-0.00888,4.3833,0.0682,3.4449,0.9384,0.1387,-1.038862964,-0.268325514,0.515215147,-0.084298256,-2.489636453,0.831656142,1.371630493,3.719455894,-0.555013698,-1.617338558,-1.342218753,-1.83140118,1.508218189,-1.821469455,-0.205913031,-0.469182593,1.887033185,-0.132879612,-2.075437993,1.132423038,0.057127431,1.096262127,0.58073181,0.107253459,0.275303601,-0.474744743,0.614578345,-0.662370953,-0.323073086,0
Ph_TAPB,OPS80,-0.17898,-0.03176,3.9438,1.3806,3.285,0.6588,0.3336,-1.731190592,-0.473402177,0.108947964,0.166182024,-2.991315123,-0.873820994,0.317060574,-0.1431511,-0.866306965,-1.940782419,0.088949137,-0.986346266,0.870672948,-0.91363421,0.427575037,-0.254896929,0.495050358,1.156597225,-0.754955108,1.519269414,-0.510438507,0.158535934,-0.750477088,0.317241847,0.430559461,-0.405667006,0.426265696,-0.074334443,0.997857396,0
C_152,OPS81,-0.20751,-0.06891,3.7816,0.7682,2.6801,1.1015,18.725,1.066025029,1.4405546,6.676948655,0.816175996,-3.341207819,13.14643819,11.0379909,27.80485005,0.298524481,3.574836807,-5.174601448,-1.062706328,-1.986667532,-4.943304831,-0.401172236,2.170022764,-2.260850517,1.760221828,0.220496167,0.576437217,-0.393418297,-1.6088038,-0.653351014,1.429421416,-0.97249783,-1.475594472,1.058774313,0.219609557,-0.194824753,0
C_337,OPS82,-0.20649,-0.07692,3.5379,1.1187,2.4312,1.1067,30.8698,16.16564043,26.91797154,-4.715488352,0.753177252,-0.294538632,-1.686534828,0.636808926,0.057950462,-2.040831394,0.523886734,1.949606163,0.934101335,0.808399523,-0.355091833,1.165003,1.028750579,-0.576440512,-0.576183453,-3.387734489,0.357772853,-2.453432694,-1.737669949,2.918903799,-1.536062793,2.671174116,0.202041445,5.097773896,7.7303996,9.963460506,0
C_498,OPS83,-0.20665,-0.07117,3.6474,1.017,2.5708,1.0766,27.8674,18.67546385,30.66058378,-4.662929318,2.399351851,-3.387205297,-1.33520082,-0.47436551,-0.375326384,-1.538820976,0.107056342,1.34952761,-1.061632961,0.771898684,-0.477064327,-1.371109397,-0.779803357,-0.07307867,0.254027338,2.099723835,-1.340579763,2.014563963,1.472209025,-3.040554766,0.51741102,-3.230851008,-0.448704947,-5.067871319,-6.87550154,-8.34474846,0
phenylfluorone,OPS84,-0.19595,-0.08429,3.3306,1.1776,1.9477,1.3829,14.4592,0.073937872,3.244707462,18.01693662,3.058681704,2.926255293,14.87127466,22.70216841,-16.80014869,-3.102303506,1.599680644,1.673074447,-0.78915687,-3.962222621,-0.672916939,0.648049053,-3.338489544,-2.084125674,-0.858316737,-0.446402058,0.399397737,-0.091863943,1.542211186,0.866855168,-0.186215412,0.140077627,0.282806953,-0.466490866,-0.123108353,0.101013703,0
resorufin,OPS85,-0.21805,-0.10521,3.2432,0.9273,1.911,1.3322,2.7616,0.128456661,7.06220283,36.83212493,-11.31138042,8.156776913,-9.296821792,-11.64032456,3.397551863,1.76676317,0.55316018,1.306577968,-1.460225473,1.106810951,1.286965238,0.379785679,0.20542378,0.601942365,-1.268389099,0.468384842,-0.668112648,-0.633422103,-0.408067788,-0.939954293,-0.233502309,-0.16207695,-0.395437125,-0.256283379,0.124190435,0.102143099,0
9_fluorenone,OPS86,-0.2289,-0.08221,3.3452,0,2.9589,0.3863,1.9924,-0.698541663,0.451787011,0.621101807,0.385005468,-1.224991935,0.317522528,0.540150356,-0.892900111,-0.251664117,-0.16960599,-2.488010056,1.310756369,1.492443645,2.520196724,-0.624699975,2.866544681,1.500742764,-0.041497731,4.280618954,3.64410979,2.435736684,-0.954450928,-3.266846206,-0.617231189,1.272896298,3.57751283,4.13423141,-0.18218177,-0.861927406,2
9_10_phenanthrenequinone,OPS87,-0.24277,-0.10958,2.5098,0,2.113,0.3968,0.4275,-0.692311647,0.44221121,0.636695383,0.395402688,-1.231812947,0.331849227,0.530009924,-0.87707104,-0.252386048,-0.218041371,-2.441586947,1.277162085,1.495944281,2.458941885,-0.489819189,2.782723159,1.514821757,-0.143963066,4.233050542,3.455932294,2.451071126,-0.825207895,-3.200638097,-0.470485858,1.164749754,3.741215547,4.382202821,-0.016938235,-1.045214295,0
BTPM,OPS88,-0.24919,-0.07613,3.7116,0.0017,3.2585,0.4531,0.6284,-1.35992071,-0.097458256,0.672082778,-0.105195055,-2.526208194,-0.373645009,0.482762696,-0.584385006,-0.751301997,-1.563356347,-1.326791843,0.232275318,-0.045047686,1.613172201,-3.627894515,2.652650933,3.900032229,-2.901424393,-3.63168839,0.43932614,3.646715395,0.604335815,1.742144046,-2.756484363,0.826390845,0.700255208,0.061767903,-1.589191654,0.64919362,0
2ClTX,OPS89,-0.22351,-0.0767,3.8152,0,3.1183,0.6969,3.2004,-1.555953311,0.39583501,0.383056232,0.663224154,0.388817519,1.650752505,-3.554247427,-2.019161465,-2.51096935,-2.553306925,-9.060302123,20.92995543,-3.991321393,-12.52057427,3.461479007,-3.500575127,3.5102606,-6.788396243,2.842198064,-3.253004174,-0.397447961,-1.187453936,-5.29469316,-1.076974108,-4.989011199,0.247194908,-2.106848227,0.933979116,1.14703022,1
anthraquinone,OPS90,-0.25708,-0.10275,3.2605,0,2.885,0.3755,0,-0.670692997,0.432827273,0.589280774,0.362054117,-1.15073274,0.294906523,0.500405655,-0.820336185,-0.229952418,-0.152709014,-2.26400763,1.190222996,1.345707209,2.266905586,-0.561627795,2.523400808,1.308369302,-0.028887296,3.687936728,3.131663127,2.066994584,-0.816834742,-2.708831171,-0.519518209,1.034521489,2.841528795,3.248361171,-0.160195717,-0.639503543,0
Me_bodipy,OPS91,-0.19705,-0.08487,3.0735,0.9376,1.7646,1.3089,0.1994,19.01522293,-7.00954826,1.135243592,3.587263739,-1.611407221,1.861719707,-3.663593983,-4.155303452,21.6418818,-7.569887223,-11.00343935,-8.731515249,-12.09209088,-3.490260162,0.238022107,-0.371856389,0.437582136,0.572361787,0.204277786,0.927698127,-0.854389834,0.542682455,-1.300500487,-1.201184351,1.186190371,-1.094770152,0.500485574,0.477973156,0.258496006,0
Et_bodipy,OPS92,-0.19047,-0.08145,2.9757,0.965,1.6996,1.2761,0.3584,28.86348619,-19.39643737,1.914777507,0.069123927,-1.724617125,-4.815565054,-2.557900299,-1.512307728,-19.41316088,10.50438793,-5.757316568,-5.017535519,-2.883100897,-1.774000523,0.909895092,0.273714078,-0.444222674,-0.501671414,0.035219654,-0.118233513,0.028575981,-0.68017914,0.354412617,0.593156221,-0.331902782,0.142011601,0.290590404,-0.175668332,0.067160292,0
CN_bodipy,OPS93,-0.20579,-0.11186,2.7287,0.9114,1.2362,1.4925,1.7173,23.97884532,-15.03971123,1.356853021,-3.32556907,1.900201763,1.435169028,5.924780765,3.521522222,7.936294355,-8.053200981,15.99780146,12.26228704,11.23572832,3.063718295,-3.496203917,-0.922812413,1.000690856,0.316118557,0.593929403,-0.799824267,0.264479041,-0.350206679,-0.356942536,-0.448093306,-0.00213363,-0.012053933,-0.388708702,-0.188791199,-0.026174878,0
TPP+,OPS94,-0.35572,-0.22919,3.3873,0.7073,2.6833,0.704,4.3244,-1.425342064,-0.404960487,0.235074459,1.418319094,-0.849212723,-0.057923094,0.005441726,-1.072615536,-0.84803039,-3.559359274,-2.009227457,-4.447666474,8.771635517,-5.542843415,2.399568855,-3.307875767,3.533729047,-1.127840191,-1.37487802,7.599173211,-2.940913895,1.172112102,0.454308333,0.766938771,-2.207224267,0.820275832,0.03914031,-1.51844404,0.74026866,1
Me_TPP+,OPS95,-0.33934,-0.21834,3.2455,0.7821,2.5927,0.6528,4.0892,-0.858179198,-0.587603417,-0.041431185,0.352732707,-1.512942675,0.41268955,-0.58046257,-0.562128483,-0.236976626,-3.001121502,-2.193881005,-5.123687373,9.723858253,-5.609929717,3.392126245,-5.100035668,4.180454139,-1.789162918,-1.276579924,7.398780921,-2.402100075,2.802608512,1.498239965,1.053154831,-2.59121443,-0.233136774,-0.389762945,-0.78729777,0.961675371,2
OMe_TPP+,OPS96,-0.31605,-0.20514,3.0209,0.7688,2.4265,0.5944,8.9657,-1.370805198,-0.510899587,-0.415489253,0.558977481,0.24836749,-0.161402815,0.044976921,-0.829167667,-0.88310431,-4.948483255,-3.250103904,-7.146044294,12.50660897,-8.27275856,2.64719027,-4.647488239,0.987308219,-1.98107021,-0.199505127,2.868455887,-0.359231547,-0.858964157,0.732961026,-0.542418989,0.637003361,1.150871234,0.179936627,-0.57171905,-1.167515225,2
Acr+,OPS97,-0.37171,-0.24487,3.488,0.1372,2.3724,1.1156,1.9438,-0.325737319,-0.546111987,0.398199708,1.887429108,-0.558097847,4.422628921,-3.488804483,-0.320720743,-0.286754852,-0.419620598,1.03976877,-0.713526698,1.724862973,-1.053769195,2.322555145,9.845229377,2.689119849,0.668088015,2.14902232,-4.837476554,-5.661083516,7.583721903,2.153235054,2.359389936,0.580672245,5.232137206,0.798720893,-4.525359878,1.896636886,2
Acr+_Ph,OPS98,-0.36065,-0.23429,3.444,0.1943,2.34,1.104,2.0593,-0.788930199,-0.8055713,0.717482701,1.893157035,-0.565579244,6.879502756,-3.431633559,-2.136688148,-1.239041365,-0.887403175,1.646773359,-1.185182036,1.943430046,-1.697429872,1.864064091,9.444543058,1.700980718,1.580591515,1.401305812,-4.64874213,-4.517427411,4.810638506,-0.084516724,0.460416362,0.828500033,0.179134766,-0.656458935,-0.32262567,-0.481937312,2
Acr+_Mes,OPS99,-0.33825,-0.23168,3.0716,0.0001,2.3388,0.7328,2.2735,0.211106775,-0.438053903,0.220307657,1.614277437,-0.983111138,12.26504065,-9.246152694,-2.158123248,-0.501959811,0.662689634,2.540743509,-0.04658973,1.675387113,-1.462161986,3.32827183,8.624435208,1.663244282,0.362822282,-0.294535656,-3.059151106,-2.137564858,4.709186034,0.61069944,0.953879173,0.443329964,-0.105999739,-1.095649375,-0.154362828,0.505291558,1
3_6_tBu_10_ph_Acr+_Mes,OPS100,-0.32707,-0.20915,3.2876,0,2.4683,0.8193,6.2907,-0.049177057,-0.339490985,-0.678236494,1.047022623,-0.504408443,22.44335609,-18.33242515,-2.061715911,-1.581036874,3.007016602,8.294096883,-1.276326796,-2.006456534,0.625173866,-0.918915307,-4.551921648,-2.509816486,-3.071531717,-4.391685572,4.986885869,5.623556892,-7.075210809,-2.10988075,0.247599022,0.349992088,-1.021877462,0.302343936,1.002273853,-0.21130047,2
