MF_0,MF_1,MF_2,MF_3,MF_4,MF_5,MF_6,MF_7,MF_8,MF_9,MF_10,MF_11,MF_12,MF_13,MF_14,MF_15,MF_16,MF_17,MF_18,MF_19,MF_20,MF_21,MF_22,MF_23,MF_24,MF_25,MF_26,MF_27,MF_28
-0.6350232085020451,0.10277712976991468,-3.632377960822418,2.9757502282277994,6.577819988741242,-0.6441710694884236,0.4101237084919865,0.02017598753622174,1.0450762482582432,-0.2734822162306546,-0.11603475956613343,0.9215663561070759,0.41161798414701506,0.4222237176219038,-1.54048224683326,-1.091027395193247,1.306818479967067,0.5399531959906387,2.28354200626662,0.3823398550543086,1.0038187198130357,0.08442732020085622,-1.2208264548967869,-0.37570666403296404,-1.5885019225932844,0.8156009574127662,-2.983755470524483,0.6982748364772379,1.1330813983729635
-0.4123689286761655,0.7954280784244283,-4.519101383022339,2.843314758534257,7.734908871002966,1.5755902753581206,0.3805064775345257,-0.8947559614849036,1.0086762709934902,-1.3279512289384827,-1.5985172381020551,-0.3952322163254798,0.8945012954539505,-0.5792034325358274,-1.555505841279863,4.620632696060308,-1.2509407243909354,1.2318989858989666,0.3613942279484531,0.610754958398569,0.40782164950961264,0.9354987352353372,0.834542719205817,0.17394555868093386,2.9183509295248635,-0.8674681382933007,-0.7161832600423249,-0.26156781351928743,0.6147882199789992
-0.13139902394455874,0.34943770174026856,-4.0726910297827725,1.6814646195905327,6.929533805233593,0.3050845928166303,0.5315723275574838,-0.10618964993371649,2.7841393179107445,-0.37220064242615214,-0.09348427753479405,0.18707229208995874,0.15721220352855833,0.5915992666497583,0.7279516917275684,1.2524815986073743,-1.042269685751729,0.45228726332656227,2.066128845364537,-0.38284855342880475,2.0605452894244505,0.919081144668946,-0.9780185741157644,-0.5205209225907641,-0.5527768491851738,-0.21274343260083414,-3.2892278300698616,0.48924299319283526,2.0739600451010833
0.28543136748661124,0.900730004188258,-4.688104440917324,1.7822100382831274,8.043708233495853,-0.880817808817634,1.0044577472896599,-0.1893974468317431,2.4879085824883402,-0.2992559386002695,-0.5990429773491771,0.21995410142188854,1.1214102561364623,0.2904137892989962,0.11776420364153656,0.5300493209181815,-1.7166274655015572,-2.6894382119190645,3.402666557661717,0.44242510090856524,4.080928535108996,0.19940021903786917,-5.93690834891774,-0.27748243691705415,5.832323572736531,5.179974788697264,-2.8918477951864814,1.2671929349062065,-2.6065998120869738
-0.4325153138412242,0.22852871213627882,-4.5585855312901655,3.725076269171573,8.461945691488008,0.08118176011702402,0.33272072720638757,-0.16823824269312582,1.1512665517147116,2.350866200815614,-0.6676316613603847,0.22923979682245307,-0.800305420485935,-3.2886339193769576,4.039209244587363,-0.24670126579857726,0.40353002126279214,-1.2834576543671503,-0.8652730785320306,-4.5126099432228495,2.739076614620811,-3.0332551708499134,-0.34228790064608106,2.14616184472902,-0.6661901197712086,0.32399607328741653,1.2001425802602457,-0.07936191397446829,0.06388897739803318
-0.8617526843705982,0.42486040442174294,-3.123482075841884,4.221005479022349,5.460064106881942,-0.6796486034379591,0.6976224264160196,0.14751748735414552,0.32764580055865217,-0.6791997478726831,-0.6833724002652589,0.07149869082065483,0.37243178524333204,-0.7976641585954322,0.7358572160074666,1.0130327467701745,-0.34784211077406674,0.2706277916882787,3.7589958019179606,1.0514882581558782,1.3283544249479604,0.9568558897646368,-2.9162430214888118,0.37726296430359996,-1.1217144334418692,0.6314037907482312,-0.6010576197857644,0.3695098540520209,2.0616249622488554
-1.2977062729878008,-0.5913533202858088,-2.2870684727783748,-2.635722475046171,1.6516703556393597,-1.5284185395983223,0.7451616458711067,0.20952336203037897,-3.0812006114066253,-0.15091647177314696,-1.6464180962796513,-0.4292136072805087,1.7125503126035526,4.910905644561353,2.0838714773752844,-1.503685055074706,1.3414655514980152,-0.9124313566413771,-0.67407044809706,1.0660047105573451,-0.6334198109817291,0.32026141622051824,0.25061715304156584,-0.8135470013678896,-0.34829905564797237,-0.17172494263828214,-0.3269290672531818,-0.15218693144495762,-0.2705710269025508
-1.0660247486245493,-0.14660099191986825,-3.076814862606864,-3.2437760480517746,2.100814535197543,-0.09055560595242224,1.0566073322291627,-0.6489771339643405,-3.1844698878729263,-1.0509697982805262,-3.0524073230427198,-1.1197157092134449,1.8984125117634332,4.4305906476112735,1.5032568382304525,2.783018196258665,-0.818867856070824,0.5078555205730265,-2.0967673762537706,0.40405613258521517,-1.9180232330414602,0.946995043846659,2.607153290514826,0.02609644234700692,2.0113729501497435,-0.23361706709937707,-0.7035036079354685,-0.3869772728547364,-1.407455838870598
-0.7488984651361226,-0.6075555238167865,-2.696224379570819,-3.6084580542396916,1.7868540951818133,-0.7273240663820235,0.9002648112740523,-0.14330501266271758,-2.3140777654125255,0.141754167513718,-1.7455148881910536,-0.4995242445234701,1.0395726201883357,4.895431766911032,3.31025546291645,-0.0074326777878027765,-0.6041356797425084,-0.7806754686083895,-0.514718571263419,0.47169970446930076,-0.10595926025048114,0.9762792844560979,0.575928544561867,-1.3790962477749027,-1.163943141009455,0.36745874237121623,-0.9859751952240587,-0.09919192957613751,-0.35913874154934466
-0.5963302526518295,-0.7229846817758709,-3.1246221453088516,-3.9288144245348104,2.566637935712302,-2.0414171646031294,2.084922641632918,-0.6697639384760217,-4.249583978003519,0.21952571331128848,-2.9386458326031755,-0.739110372031213,2.8957260530037274,9.321489050806694,4.398848390690149,-2.0910823000508176,1.0166016769915118,-1.8247108691811933,-2.3002895880782877,2.7233532391107382,-1.4219811991442621,1.4554190426142408,2.6920682561960976,-1.082796237162189,-1.0444662235843034,3.5886589485810987,4.307723361296353,-4.216082871177882,-0.3301652198174902
-1.2587767830145602,-0.5464564784126811,-2.765629230629509,-2.7833930325032488,2.09310116997517,-1.739523648522132,0.8069014548505375,-0.6407740304931678,-3.372196248519706,0.19251963323106572,-0.2893446116201614,0.0601769868058427,3.228419626725387,4.933034419059079,1.9854552960824936,-0.8193549606154462,-1.871386923306034,-1.7631379889589818,-2.574381818608461,0.6029420059481304,-1.119876207462958,0.6367531121663066,-0.06941904244847444,-1.1804059351681004,-0.7372864025000491,-1.5256348354479283,0.8153064835460766,-0.6104124851229777,-1.1095322074557288
-0.5257770045202028,-0.06381628306306436,-3.0018029190217916,-4.276124281659842,1.9582277384247837,-2.211626110052952,1.29150512737755,0.09991261179792967,-1.6222958678579338,-0.4683242259142826,-1.9206786792743094,-0.7004691423785723,2.151982602787932,5.041710712491115,2.6655259993809377,-1.018553903204673,-0.9647812681199257,-3.4934278943457184,0.008409992169117697,1.1814417526236436,0.5062332951823694,2.1778161740843016e-05,-2.4614309658686278,-0.5763700740054474,3.82621994182216,3.6723577310065245,-0.2115255005949658,0.18455540898978276,-3.9411981329539616
-0.9179531613931542,-0.2877597309154246,-4.589106808306854,3.860807188749791,7.5997792566773095,-0.7014752008954197,0.11424430606875173,-0.2785784354308407,0.9322897345623307,-0.09654065699204192,0.4013182580172108,1.1068016683579724,1.2606766774777889,-0.22320288759920962,-1.4558654176858865,-0.24402540092743258,0.08414646792388072,0.16623270238510707,0.6160184501701059,-0.9867449867743066,1.769335330105085,-0.66838921293672,-1.0526898765906187,1.0820114428405057,-1.9325555772096188,-3.1213850695207084,0.5075327786649919,-1.202665639763676,2.1956805547487273
-0.6952988815672745,0.4048912177390889,-5.475830230506774,3.7283717190562475,8.756868138939035,1.5182861439511244,0.08462707511129113,-1.1935103844519659,0.8958897572975775,-1.15100966969987,-1.0811642205187104,-0.20999690407458332,1.743559988784725,-1.224630037756941,-1.4708890121324893,5.467634690326122,-2.473612736434122,0.8581784922934352,-1.3061293281480617,-0.7583298834300464,1.1733382598016622,0.18268220209776143,1.002679297511985,1.6316636655544041,2.574297274908529,-4.804454165226775,2.7751049891471493,-2.1625082897602015,1.6773873763547624
-0.7154452667323329,-0.16200814854906054,-5.515314378774599,4.610133229693564,9.483904959424077,0.02387762871002827,0.03684132478315301,-0.4669926656601882,1.038480038018799,2.527807760054227,-0.15027864377704048,0.4144751090733494,0.04875327284483936,-3.934060524598071,4.123826073734737,0.6003007284672371,-0.8191419907803943,-1.6571781479726817,-2.5327966346285455,-5.881694785051465,3.5045932249128606,-3.786071703987489,-0.17415132233991346,3.6038799516024906,-1.0102437743875432,-3.612989953646058,4.691430829449721,-1.9803023902153825,1.1264881337737966
-0.5682282271623252,0.11067668321939925,-3.39494700252431,2.801016712477764,6.207301943652666,-0.6366246325069027,0.4298960322416619,0.055365757907421,1.0269226665600693,-0.29455064675560605,0.022308776951636647,0.9833452183884709,0.36277666646446116,0.9487152272869778,-1.689938419065031,-1.7500991633152994,1.4761447550215345,0.939573881991862,2.431711422847415,0.6303361723389272,0.8554108340345551,0.1866580952580865,-0.5929281175841575,-0.6453703450953443,-2.096110697271106,1.2109890858973944,-3.869143782503963,1.0766551313630548,0.8810204601995173
-1.3130772348756499,-0.5976956866976779,-2.2450802891079813,-2.5699447977054604,1.6181768978495716,-1.533621246088418,0.704636362489732,0.2595661585184673,-3.0762908770307607,-0.1461754657950213,-1.603683739930614,-0.40978930569419786,1.6452234881120047,4.783254145345564,1.9834698125217034,-1.662748656273823,1.6189617761021613,-0.8191596651494124,-0.5385775178032401,1.0532802574908053,-0.5943320862759052,0.22125770103247577,0.16091643160312402,-0.7972746128511483,-0.5683818064596522,-0.5198856616404384,-0.5800197119549801,0.09574926919001346,0.08438445217732904
-0.6543528027252468,-0.1870424749780093,-3.5749479822086867,2.7324245352381697,5.934996566572542,-0.6154102600697978,0.24593362885836173,0.07925973814767583,0.9704189336797917,-0.22719178934616344,0.0334949826570211,0.8776246724183374,0.32284085981413996,0.7936629514445134,-1.4934016327875939,-1.434269812427871,1.1968345066718085,0.8293000412994396,2.0866328812552366,0.3952025274393537,0.8814637224924132,0.07086730129310406,-0.5010599609503303,-0.3548974356001561,-1.5979557552039643,0.6976175277078792,-2.7888042407158515,0.665958805550351,0.7670275006322617
-1.2095944242729808,-0.5431724578571071,-1.948259416408946,-2.1798453790565007,1.3770776101636575,-1.307675685288923,0.5551586535892034,0.25727359389175075,-2.4897903114642124,-0.11397397818325343,-1.2459067150956056,-0.30924160814186863,1.2284933303258379,3.5551991582678117,1.4037542553193953,-1.354328204283354,1.394986285695196,-0.4942919061676952,-0.2561268001991502,0.6990123425474337,-0.35610257398613704,0.053576129194561894,0.02122863209662263,-0.46171144847773815,-0.5102628104432867,-0.5811566903060325,-0.5270020770149344,0.2636935587340019,0.34829874866764243
-1.8493011229251883,-0.7626250841378757,-0.6921906904447392,2.593652860329243,0.7272044175410596,-1.0406422371713697,-1.1450797217304294,0.5554940851718092,0.28921543898627183,-0.11345845302274499,-0.04644697009513428,0.6411562465742515,-1.3097392984858396,-4.540005281071779,-4.300785168993958,0.8464107419994599,3.7309340882842115,-1.4785501938573358,1.0464399730949396,2.5941509247195187,-4.236400970401298,0.6631123039014523,-2.2172141694270957,-1.803263061647393,-2.5981608462341255,2.549021413765246,-0.17816420650172204,-0.6244525731871469,1.1528639443644422
-1.9269505768435857,-0.2369854727639174,-1.4651192536120738,2.7568176995166964,1.6137320341484682,1.1948294196127522,-1.3473182469700111,-0.09781014044508989,0.04946211803519657,-1.2884730637336503,-1.4784084764544954,-0.6867308967022852,-0.7858070931743181,-5.6241321709790615,-4.596064514018805,6.207092077392435,1.851182312134614,-0.6651839357973794,-0.7868470590118891,2.871238959470184,-5.16827005838612,1.4254241091048157,-0.36200601902400864,-1.0855811825262875,1.7182560519552033,0.7964392354374396,1.768288534308272,-1.4803701683058472,0.9152412612342438
-2.215469721160989,-0.8347773910299786,0.28455942660719824,-2.117317108914485,-2.1523167868439605,-1.4709632913272133,-0.5598058081569047,0.40696868428975325,-2.3354336845056087,-0.07658726222390728,-1.1204677260746365,-0.341737082417229,-0.025201171904287348,-2.9461454750662064,-0.6613963557190086,1.6210505919204947,2.0133485597381937,-2.1865129888325523,0.7639636646978767,0.936445399867571,-2.06306203548239,0.5017514685719541,-3.7011201306818142,-0.9271395483041929,-0.9453263250735541,-0.1583828928866417,1.469428565217239,0.1301863882936308,1.2581576858955688
-2.275575059542262,-0.5736798430055366,-0.2991744854276758,-2.1162170472859345,-1.9623873232017877,-0.0033059307578124364,-0.5757763278277892,-0.008709856948662078,-2.695818757644253,-1.1793193262211674,-2.462385023365495,-1.0794159264287022,0.2231915810208979,-3.59987509308856,-1.5314107740588319,5.35365442696005,0.8144224559469727,-0.704740125989062,-0.5459771195055468,0.6072863634309051,-3.6805846142019605,1.0513927043938125,-1.7712537393842818,-0.042237042567945915,1.1536857661518864,-0.4803267090164152,0.8683654814722687,-0.07845179259680196,0.6319194524124602
-2.468327093932273,-0.9735353294983489,0.012011146549678685,-1.6558340317374083,-1.9701006884241608,-1.6522739733275218,-0.8254822052064141,-0.0005067534774889915,-2.8835451182910345,0.06417010529042456,0.3006776880570649,0.10047676959058513,1.5531986959828532,-3.0974313216407556,-1.0492123162067915,1.7512812700859395,-0.23809661128823778,-2.97573363552107,-1.023591561860238,0.8061722367938201,-2.882437588623459,0.7411507727134603,-4.447826072347581,-1.2487394200830537,-1.5949735864979053,-1.7723444773649661,2.387175572953814,-0.3018870048650433,0.9298430838273298
-1.735327315437916,-0.4908951341487323,-0.2241625418426038,-3.148565280894002,-2.104974119974547,-2.124376434858342,-0.3408785326794019,0.7401798888136084,-1.1336447376292607,-0.5966737538549237,-1.3306563795970827,-0.6601693595938298,0.4767616720453967,-2.98875502820872,-0.3691416129083472,1.552082327496712,0.6685090438978712,-4.706023540907807,1.559200248917341,1.384671983469333,-1.2563280859781312,0.10441943870889467,-6.839837995767734,-0.6447035589204005,2.9685327578243035,3.4256480890894867,1.3603435888127717,0.4930808892477173,-1.9018228416709033
-2.234888750939889,-1.065124193613159,-0.271663963280548,-1.0813566506703611,-1.2843990534324607,-1.2777277257427309,-0.761483566732239,0.5853006184517263,-2.339808845837006,1.9087818691554552,-1.4936769835948367,-0.511473185518016,-1.2909759271578785,-5.998626886390008,2.8653707517720926,1.7778892756037328,2.40457907405615,-3.0942771105235023,-1.6809488233537522,-2.013152711141191,-2.00466235139555,-2.739715097394315,-2.706559146831575,0.873268088814654,-1.801982676557627,0.7573719281916105,2.7866240781423186,0.11809669743810405,-0.3625635089324462
-2.1946982845880503,-0.8476312458817424,0.3499894540001057,-1.686992896228987,-2.2384960582355875,-1.4369887696311014,-0.48542144298557793,0.38028492973889116,-2.2829678380240406,-0.014674975363704473,-1.1263729742192539,-0.3267853189309956,-0.30493160105245176,-3.2583882291910626,-0.24633716842029674,1.7743673992816282,1.3539372518865938,-2.0354061443668945,1.026179834627618,1.3262424606384065,-2.0659282528508967,0.6659060971685523,-3.782122949578864,-0.907942974072305,-0.9514499826897038,0.14840366815758668,1.4845915213638583,0.089278030482317,1.1897785837733064
-0.9991633664968849,-1.7423211659404778,1.470850021240867,6.573707953599031,-4.663109378344442,-2.8675425124706457,-1.24376398542964,-0.06393742338984944,-0.8005011056472802,-0.7576139384493547,-0.23035184010582227,-0.6802699979450736,-0.5174903352157183,-2.0300407998435674,-2.063176251679481,1.3471080829528361,2.6905442420805095,-5.661781988497287,-4.709292563546389,1.9840218734589368,0.8727197954390157,2.392797516533978,-3.203409893578136,-2.2754129866686985,-0.6250743914126824,-1.0480020049865355,-0.6577535714345495,-0.56503258275331,0.5504410328190769
-1.5779176994985695,-0.5086396373333905,-0.5370695119033074,0.49048696565515654,0.8411552773642599,-0.5655555570628797,-0.47850279468796586,0.37061151261543207,0.8815995093230036,0.5544602159807009,0.2207174847950086,1.448433921158182,-1.8311539842754168,-2.682593059677112,-7.440964898787309,-2.9513028643764674,-1.3092211249398924,-0.9060671525214521,1.461583822849457,1.5734186884966932,-0.21259407638221228,-1.290800198948673,3.417286997118298,-0.05583866228561946,-2.4415381109271346,2.4129441725035123,-1.5719702430196831,-0.9210745712485722,0.51050818944476
-1.031697939247116,-0.43575142651420007,0.960895073860965,-3.549227197092179,-1.6648892981168855,0.32553470316296795,2.873534205347609,-1.8047648128918086,-1.021823242795589,1.3681435298137872,-1.1372190885489006,1.1289616665962032,-0.995708136442284,-2.150500701658734,-3.4488733324595935,-2.4495302848855838,-5.659962957139434,-1.8377084989866321,1.6397561377041272,0.44543733785129147,2.925937251621224,-1.2007331338606468,3.324733716643159,0.7183089635627612,-1.0281839068637073,-0.0344139034090391,-0.11464903281592953,-0.7725033083501438,-0.14600967891084343
-2.0353112261234445,-0.6297338878884259,0.5256352914127158,-4.227873183469739,-2.1760557580397757,-1.0103437889015021,0.05229475207569041,0.34819212622906054,-1.88651523644735,0.5442827967631254,-0.8997651837621052,0.43796286802719314,-0.5204310564304749,-1.1478342767361844,-3.8410895953425204,-2.1525499488835544,-2.812720974473372,-1.7866324936494729,1.2475673912127996,0.07978143772651988,1.9694755229880399,-1.4498430646749263,1.6768848150714173,0.715693002442473,-0.9119748551049487,-0.47724989399583523,0.19452722350409887,-0.21808135813632232,0.7976903414906767
-1.7038879023713664,-0.15268305892049572,-0.25784816591883064,-4.514983250841016,-1.5778751977242707,0.45607043741310055,0.2634218934967956,-0.45522015290926526,-1.9000813436211992,-0.3908550592146432,-2.245741540651912,-0.2610496810007909,-0.33927199877326475,-1.659763131944341,-4.39133475327394,1.9069195764447042,-4.903740185485538,-0.25367755280480675,-0.21969401596236726,-0.46211880419832607,0.6790942974985229,-0.8137601886251948,4.063408450860628,1.53715770038662,1.5007444553876963,-0.5468908676564098,-0.2043210853735301,-0.47899884553605204,-0.2911067977709876
-1.3867616188829395,-0.6136375908174136,0.12274231711721353,-4.879665257028934,-1.8918356377400003,-0.1806980230165009,0.10707937254168509,0.05045196839235769,-1.0296892211607984,0.8018689065796006,-0.9388491058002444,0.35914178368918376,-1.1981118903483623,-1.1949220126445819,-2.5843361285879443,-0.8835312976017642,-4.689008009157222,-1.5422085419862226,1.3623547890279832,-0.3944752323142404,2.491158270289502,-0.7844759480157559,2.032183704907669,0.13196501026471077,-1.6745716357715021,0.05418494181418376,-0.48679267266212045,-0.1912135022574531,0.7572102995502664
-1.8966399367613773,-0.5525385454133084,0.0533374660585241,-4.054600235292491,-1.585588562946644,-1.1928976051566096,0.01371601611817038,-0.44701704943809256,-2.0878077042679792,0.8526343722969483,0.5173211707706471,0.9188430150184962,0.9907351161886906,-1.1573193604965348,-3.909136295421898,-1.695453580429408,-5.956259252720747,-2.5246710623368145,-0.6973084583170588,-0.2632329308354112,1.477241323077025,-1.1240021203055472,1.386836117897327,0.33065532287151306,-1.2479148972620964,-1.8389086360049611,1.3144890061080152,-0.7024340578042934,0.006816833643882254
-1.1636401582670197,-0.06989835006369172,-0.1828362223337586,-5.547331484449083,-1.7204619944970303,-1.6650000666874294,0.49831968864518283,0.29366959285300487,-0.33790732360620634,0.19179051315159992,-1.1140128968835006,0.15819688583408162,-0.08570190774876577,-1.0486430670644995,-3.2290655921234555,-1.894652523018635,-5.04965359753464,-4.254960967723551,1.8854833524605201,0.315266815840102,3.103350825722352,-1.7607334543101132,-1.005175805522825,0.9346911840341656,3.315591447060113,3.359083930449492,0.2876570219669726,0.092533836308467,-2.8248490918543503
-2.2804318781811745,-0.7763059317926584,0.8271875132418371,-3.6176818428559474,-2.629340902384262,-1.128753638241381,0.09836878687652337,0.6085670287531454,-2.206482140087853,0.5242397494256033,-1.06707445271067,0.376179257274253,-0.8528429619752372,-2.4063082096540636,-3.0470878765993006,-1.3893657993145831,-3.351040121707196,-1.9244963143490212,2.099909997071349,0.9025317393494016,1.4343024912391864,-0.8395397907653425,0.7926774559485408,0.7071141553316892,-1.4223064922627717,0.07087435017880778,0.5039726273807106,-0.2771283898712809,0.976344202526212
-0.8157271735268801,0.19187654380769437,-1.8818094033320363,2.786115261555987,3.6190445477920643,-0.5486101630654832,-0.7149606272652652,-0.332827594770421,2.245940514531499,-1.0968564355012773,1.0466606337757114,0.14339058886697176,0.012317107080080741,-0.3974054198927889,-2.354261233371806,-1.9788620176815739,0.27929982032595735,0.5860139348866648,0.48749640638988934,1.491693317972343,-2.4686265260961067,1.7568058316525679,2.7676734665951277,-3.313959382457119,-1.619934374678804,0.5715422181728232,1.6248080216905612,1.3780321708487453,-3.60794963132087
-0.6265531076382762,0.7653645266214613,-2.837551772352763,2.510411471853228,4.702180418200712,1.5428326522417477,-0.7346626649687915,-1.221062199969585,1.9286767243922653,-2.180585601264065,-0.5620465405627583,-1.1451358737190283,0.4834368544338317,-1.3320479933050584,-2.508998105649988,3.691564481701405,-2.137998464787691,1.2493246630089943,-1.4525974644713584,1.5744555516912802,-3.1233588067355633,2.497223334831235,4.795836433023857,-2.8114124331916894,2.764018409544069,-1.107120973412993,3.6834642013088503,0.4965405815140458,-4.272256578111214
-0.7683343941833376,0.3178000248348949,-2.275562258575106,2.757628392861001,4.177945187519464,-0.285554955010921,-1.082031822800872,-1.422971150009716,1.3986511950476332,-0.05585044686033197,4.039018712688374,0.712008768003002,2.509719965626999,-0.9460656600152024,-0.7874671929468087,-0.6053195920678215,-4.397014107373071,-0.018422072355062796,-2.4912314293091242,1.546078160788301,-2.681911455541622,2.302435225107674,2.125692084900797,-4.410577696943447,-0.2851592763505735,-1.374636478788983,4.641845165024966,0.7167426904234766,-4.453830619076408
-1.9253759184775487,-0.7910376631083408,-0.5273854599287695,-0.6667129430614986,-2.4862568749933835,0.3858295980774437,0.1854506731099283,-0.012706803312629772,-0.4478950451254284,-3.087795629634221,-2.597836881443032,-1.37164433051867,0.8461438585295069,-0.05534636162418289,-0.2451461461622676,4.801630408271599,-1.334153247692883,3.550893994785996,0.5585987894178943,-2.3656918430814793,-5.253894550936907,0.6095532343441761,1.9170398247662148,3.419155860046114,2.7479130071648283,-2.2469541453873703,-4.853986948443216,0.8019730594861563,0.6394107353358247
-0.6685062687363523,-0.35189772120781804,2.3623367417247394,7.3279263900510205,-4.65204727093571,-2.2083642995408628,0.7283546191681546,0.6325072160901469,0.02948218836267258,-2.2532398097226456,-1.5599539986534112,-1.7062039176046473,0.30079805667536297,3.562258281585725,0.756185909034728,-1.5946790322004707,-1.6756227614850194,3.6392503112772183,5.960804837271512,-3.1016548957956065,-2.3996068797683288,-7.562700349544548,-0.35365006220655826,-5.535488015716364,2.536252947329606,-2.4259794960185954,1.1019692523312035,-1.4350368815737842,-0.6831960269276975
-1.2415130008970272,-0.5854227090257778,3.0733483823803898,9.46708365440767,-6.167992753849847,-2.703066679778007,0.9024507009745933,0.5980881264506208,-0.39217665019565606,-3.4768148539336745,-1.5326956305946855,-2.1023734794840534,0.70810742783993,2.2883963314501017,2.5147386911543097,-0.03728499558872894,-2.8766703028392726,3.7737855153847817,8.289653526776092,-1.1040383195957428,-1.9780644058674133,-4.489423494055307,-2.249840214164687,-1.9084281263373346,-0.5019108786563954,-0.14247117565610912,3.2897276603334937,-1.079413750663086,0.3034598964723772
-0.7510100710264574,-1.2465685865995149,1.5388382118513364,8.987978576335498,-5.4311502263180245,-2.6207697596489017,-0.043069212235178816,-0.6275764529112668,-0.08406758302310685,-3.2704305907509594,-0.31314733923317845,-0.6902196620338805,0.4187886167593644,2.434635483610924,0.25501430481025844,-0.7126140537091861,-1.2333371114921916,-0.5516796441615367,-0.8574155855623944,-0.7862666043041459,1.9719675330453232,1.5750359198621782,-0.8775100700333878,0.8881549646426944,-1.1997467865173703,-1.6964577987860467,-1.7557662064649668,0.17554528625463742,-1.510342922503002
-1.295858085256057,-1.382375331600608,2.3414459170496698,10.824197344680616,-6.796862867876158,-2.79443169565525,0.9463700141078426,-0.8612270000141494,-0.41350427352096886,-4.253076930588282,-0.8308973523158057,-1.2812687369613178,0.5524298642297298,1.522238537801305,2.083335745024537,0.5237399809924174,-3.0082056481564874,0.7227638025157861,2.7275725190428104,0.6654219340519738,1.66556167636988,2.453988521987309,-1.9492430367562323,3.5927653418174166,-2.8944791823490066,0.6409574319901536,1.1454143708613593,0.26463707311906054,-0.32288104366775716
-0.7804704612645603,-1.5549806626135758,2.694157309481723,12.783778619844533,-7.840602612146272,-1.7867316747766484,3.679125779410377,-3.3118986618542055,-0.03194868305649791,-5.411223420981441,-1.900800733674642,-2.3087919402908295,1.3717089685531205,2.238448037351428,1.9267054509477939,2.8698622113426886,-3.6358083929275167,2.132386322428164,0.9738541264255398,1.4148117280749837,1.9790668891845964,3.5175830734394458,1.717939278699233,8.237928645077352,-1.234930111479845,5.11902420005007,3.0952711947874683,1.0998668113159547,0.2757873259895976
-1.5561645984118027,-0.8050281277967752,0.007063655680885825,-2.505011105276748,-1.5584149269802967,-0.7603566654323393,-0.026554045448635724,0.32947099449604234,-1.2353524732446743,0.22829259895795886,-0.5056306001119365,-0.03276340271174181,0.07634910965894748,0.2903003749466656,-0.23869884553280812,-0.5300171825879832,1.036292850289812,0.05378492733190142,0.22689688460209217,-0.14302514127730312,0.09402587329528773,-0.3218810426656762,-0.596412113011549,-0.11327980443602877,-0.2646407423999857,-0.7986853398295991,-0.31360676021968537,0.4198652484029408,0.6205600978310638
-1.9232889495759353,-0.9542752546182949,-0.14112913330513271,-2.162087045334002,-1.5848512476628271,-0.7040324086847465,-0.08847962673714456,0.8938241637391019,-0.2347909520997189,-0.7029757771328127,-0.46114265128782705,-0.29204293240649637,0.40743205829681467,-0.1465620536754521,-0.3373164298048929,-0.14613973112458004,1.1120026013867033,0.5037295264152543,0.6188641531831753,-0.34329254164184464,-2.858124779333919,-0.03524321514669959,-0.760735996253653,0.9867464062538178,-1.0350672481489138,-1.7308231288888791,-2.818074797356533,0.38185165246089364,1.453176074841901
-1.9919111589569611,-0.6765342635329099,-0.8170806641010351,-2.4745403094586096,-1.40626833375896,0.7495408368987316,0.05034476533879029,0.2969513911486086,-0.5414135722523425,-1.7235747016432694,-1.8166109058743365,-0.9936336051834131,0.634343151461281,-0.7095767903750841,-1.1981868195279706,3.7895847643482115,-0.3703233779737305,2.045436871781287,-0.7149720287621962,-0.9565681882075686,-4.478600219075049,0.5027308026483237,1.395639117520091,1.9944195063759211,1.1341688037199829,-1.8622283359717136,-3.515768807710982,0.25098636592893986,0.596961758137619
-1.674784875468534,-1.1374887954298278,-0.436490181064991,-2.839222315646527,-1.7202287737746893,0.11277237646913041,-0.10599775561632027,0.8026235124502318,0.3289785502080579,-0.5308507358490253,-0.5097184710226692,-0.37344214049343843,-0.22449674011381643,-0.24473567107532468,0.6088118051580267,0.9991338903017435,-0.155591201645414,0.7569058825998716,0.8670767762281548,-0.8889246163234833,-2.6665362462840703,0.5320150432577626,-0.635585628432868,0.5892268162540124,-2.041147287439215,-1.26115252650112,-3.7982403949995724,0.5387717092075388,1.6452788554588729
-1.6815818181148856,-0.7301337138093958,-0.4507551842338663,-2.062159642256592,-1.0713618197270711,-0.6149791028878688,0.06703266084497325,0.46249755113521773,-1.979296329718323,0.15480454536229213,-0.9955208917648195,-0.13599200311458792,0.4572361667462217,1.571908799376772,0.774892493366983,-1.1441822453573673,1.720038568939699,0.7275400206414837,-0.25289845733720384,-0.7799589804855047,-2.066649128103481,-0.8415502673365826,0.5797453112458687,0.8250111215831047,-1.7851525056291377,-0.5587596968617574,-2.5957405433882386,0.6758905557031778,-0.7067252355418807
-1.7502040274959116,-0.4523927227240108,-1.1267067150297683,-2.3746129063812003,-0.8927789058232041,0.8385941426956093,0.2058570529209081,-0.13437522145527564,-2.285918949870946,-0.8657943791481646,-2.3509891463513295,-0.8375826758915046,0.6841472599106877,1.00889406267714,-0.08597789635609462,2.7915422501154237,0.23771258957926555,2.269247366007516,-1.5867346392825745,-1.3932346270512286,-3.6871245678446103,-0.30357624954155926,2.7361204250196116,1.8326842217052086,0.3840835462397588,-0.6901649039445918,-3.2934345537426877,0.5450252691712237,-1.5629395522461624
-1.4330777440074844,-0.9133472546209287,-0.7461162319937246,-2.7392949125691177,-1.2067393458389335,0.2018256822660083,0.04951453196579769,0.3712968998463474,-1.4155268274105461,0.3269295866460794,-1.0440967114996618,-0.21739121120152996,-0.17469263166440935,1.4737351819768991,1.721020728329902,0.001091376068956429,0.4524447659075813,0.9807163768261001,-0.004685834292224161,-1.3255910551671428,-1.8750605950536312,-0.2742920089321202,0.7048956790666536,0.4274915315832991,-2.7912325449194393,-0.0890890944739983,-3.575906141031278,0.8328106124498228,-0.5146224549249088
-1.7316217382659784,-0.8460366116746869,-1.0200661380726024,-1.122117113938479,-0.35015878592913807,-0.5423357229158098,-0.08360162761003698,0.3724346283304019,-2.02116670486629,2.1401784201106566,-1.419832101562076,-0.35700342372616917,-0.8517886617598263,-1.6272428681195827,4.406963342082288,-0.6663309661708545,1.921303491312059,-0.25930220714538055,-2.736151767014147,-4.08847574164649,-2.25608190215641,-4.038520994941212,1.7873465370535906,2.6489662565112315,-2.5005598579248565,0.6153355298034068,-1.2056755399021724,0.7791028287615631,-2.6640190980234655
-1.686580396321816,-0.14502122733407907,-1.2066037564923382,1.4617960632252187,0.06467936310688988,-2.0060479370153903,-0.4620274663944536,1.8344687414478522,12.169074286169781,-4.0609486685421885,4.357313793611565,-0.14941348544323724,0.19069952860266642,-0.9878077063579698,-2.900440432250489,-2.526380734662963,3.285206238770649,1.2167976611536622,-0.6910269490371801,2.4852849391461573,-1.6555885627077505,0.3585487577168916,5.21712002529964,-3.5138287543044875,-5.313499518367958,2.896830507465256,1.2794903147530767,-1.7438929868442112,-3.5330778689922258
-2.117841210006503,0.5747665278663563,-0.6900384059268888,-6.889646745082777,-3.5982028775268144,-2.5929032136322627,0.18389010801099726,2.750689943625626,11.984000289988774,-5.073007466360281,3.011267738575204,-1.862686395046259,1.5186466011974011,-0.052150670746140854,2.9690272501381756,-0.6603522994845831,1.5375064062424781,-0.5750577467379043,-0.5715699603168837,-0.14349295543356896,-0.4817239949551564,-0.5874153663791658,0.19088179795614138,1.8403514003334376,-0.1644890279010117,-2.5878168880227266,0.4763268929501941,-0.7903606319509053,2.4631544935847884
-1.5690334021548247,0.5585643243353786,-1.099194312719333,-7.862382324276299,-3.463019137984361,-1.7918087404159628,0.3389932734139428,2.3978615689325298,12.751123135982873,-4.780336827073416,2.9121709466638013,-1.9329970322892205,0.8456689087821847,-0.06762454839646143,4.195411235679341,0.83590007780232,-0.4080948249980456,-0.44330185870491695,-0.4122180834832425,-0.7377979615216134,0.045736555776091814,0.0686025018564137,0.5161931894764424,1.2748021539264247,-0.9801331132624939,-2.0486332030132286,-0.18271923502068257,-0.7373656300820852,2.374586778937994
-1.3459119415389051,1.1023035650891013,-1.4047728521703053,-8.530048551696451,-3.291645494741391,-3.2761107840868915,0.7302335895174404,2.6410791933931765,13.442905033537464,-5.390415220501417,2.737007155580546,-2.1339419301443225,1.9580788913817804,0.07865439718362124,3.5506817721438297,-0.17522114761455027,-0.7687404133754626,-3.1560542844422455,0.11091047994929415,-0.028055913367270868,0.6579291112089426,-0.9076550044379434,-2.5211663209540522,2.0775283276958794,4.01002996956912,1.2562657856220802,0.5917304596084099,-0.453618291516165,-1.2074726124666235
-0.9891104310515534,0.8127905649537283,-0.03674019879447102,1.8729430921560732,1.6066690379870008,-0.2879012576873801,-0.687793449226748,0.41794324780717135,2.2107406385002535,2.0192613620287156,2.478904093213377,2.959080344545085,-3.8875817141534506,1.028958074930479,-6.442306692175816,-3.3174066923620424,6.664876085218331,5.396781911889071,-0.2796622171292973,4.436323745654093,-0.8850138119404821,-0.6664027264356497,-0.4937404850671274,3.583934652276251,0.15935093555592345,1.206427219057366,2.3407365722074123,-1.3265268673820274,0.31464968664327797
-1.5792929756783505,0.6624488127021259,1.2078421328532423,-3.3532176114795256,-1.8450259018739072,-0.7515231714968408,-0.2289595482550722,0.4133962175999798,-0.8665984178721862,1.9704931632186944,1.1604255607406337,1.809260338094962,-2.6061573021078437,2.0078775777923465,-2.9147096503706287,-2.077929506143734,4.121187625244597,4.063115422697428,-0.29205110338487655,2.3921166231251676,1.6719945784752879,-1.0761198106424739,-2.6311278954518724,4.606932478529479,2.431961578391187,-3.3261056661852826,3.563418569652819,0.0776448112614922,0.0993290258466614
-1.8114546066276214,0.001726277474285498,-0.05595327707639378,-4.852139773414049,-2.811559581237648,-0.987274609369571,0.1182013883534905,0.6542013793786947,-0.6014820094807,-0.08320691418090814,-0.6986597682076583,0.0058771288079151884,-0.6363841392707666,0.520095713288873,-1.5850100376443077,2.2271944242185318,1.351471752668775,6.80081879217634,-2.7388377236958994,-3.8588157342975395,5.656062066341354,1.1948832219693857,-2.874831594860431,-4.443202286756844,-2.5996798503605385,2.1665619895974206,2.1011655342876487,2.2032114095122175,0.9028326463946746
-1.4800312828755433,0.478777106442216,-0.8394367344079399,-5.139249840785325,-2.213379020922144,0.4791396169450315,0.3293285297745958,-0.14921089975963164,-0.615048116654549,-1.0183447701586767,-2.0446361250974654,-0.6931354202200689,-0.4552250816135565,0.0081668580807166,-2.135255195575726,6.2866639495467895,-0.7395474583433906,8.333773733021006,-4.206099130871066,-4.4007159762223855,4.365680840851839,1.8309660980191165,-0.4883079590712203,-3.621737588812697,-0.18696053986789374,2.096921015936846,1.70231722541002,1.9422939221124869,-0.1859644928669898
-1.162904999387116,0.017822574545297676,-0.4588462513718961,-5.503931846973243,-2.5273394609378728,-0.1576288434845694,0.17298600881948506,0.35646122154199167,0.2553440058058516,0.1743791956355671,-0.7377436902457977,-0.07294395553009428,-1.3140649731886538,0.4730079773804755,-0.3282565708897298,3.4962130755003216,-0.5248152820150747,7.045242743839591,-2.624050325880716,-4.3330724043383,6.177744813642816,1.8602503386285554,-2.519532705024179,-5.026930278934607,-3.3622766310270924,2.697996825407439,1.4198456381214302,2.2300792653910864,0.8623526044542642
0.0002007162561520337,-1.3030303720784047,1.0169686102327011,4.86531500492672,-2.931022629936619,0.03516931360722836,2.2059151087664217,-1.8358282405507622,0.5797795816107955,-0.03100393287156733,-1.0960674494170575,-1.4244755724198679,-0.5134106812297596,0.5252064048562705,-1.1566518672469084,1.535983376449005,1.5157740305728233,0.10824433024102445,-4.160632562997674,0.7523692252074865,0.18320112314510212,-0.3855983363452816,4.594411887638053,3.057466077527204,2.915137905153134,5.402800758814076,1.098582410749994,0.9206509332363766,1.5356637973784983
-0.4188114803162383,-1.1616179349082392,0.05170795087823157,3.693818846949502,-1.0914031963036952,-0.915828663512624,-0.7794233004375168,0.40024417400810675,0.2554207165207079,2.84658267374881,-0.24638361933373387,-0.5762611322718747,-2.340510948625566,-2.6095752448674223,2.220442376476125,-0.8130454554768245,2.521488618027327,-1.8994772616137632,-4.536333501891293,-2.802377312296496,0.16951768621998936,-4.238543600629617,2.2291938383403096,-0.009449917036474645,0.49991026513018155,1.4973152087351418,0.4409419510622911,0.09193839113761743,-0.8534547140676778
0.016551563018028626,-1.1541942657292896,0.8051574477693393,4.58964261174478,-2.4220788233970305,-1.2603644273265793,-1.140234735359303,0.3112807377292347,1.45406146383414,3.0937214747727184,-0.4538888274534041,-1.7402186242107371,-1.3887254419435964,-0.6700366362902801,-0.3835140324043683,-1.8081099240008656,3.094575983016864,-1.6102629294754411,-4.953356048666275,-1.5347160967186708,-0.24475047624401294,-4.341394568992453,5.073242782786057,-2.9186898222917446,6.566643365711199,7.340053739901289,-2.3250798762479077,1.987257428728845,7.748552670486393
-0.9382806739226754,-0.8270372937356192,-2.235287995385922,-2.568803619075374,1.6670754266138954,-1.7285790041711528,1.1713824074760883,0.09036642916421923,-3.2899730169767127,0.2846338052585927,-1.6264555935854128,-0.11581295272313674,1.4028189710797454,6.271093302957538,1.0919199812238896,-3.3759871637082486,4.892993300982107,0.961947110284304,-0.8425890918899266,3.6924519777397706,-1.027858368751391,0.018665218613826945,0.3215627701796203,2.5608446613584253,-2.0147438281758894,0.23684802418587786,4.956891894574436,-2.600389887863564,6.093219506524415
-0.568764322323454,0.118696174144137,-3.474289059742861,2.8484877244460414,6.338222179198883,-0.5938319187213754,0.4300382867892883,0.023873468374604134,1.0605588582502832,-0.2647017230063706,-0.025801064391471784,0.92835233377217,0.3882442277775079,0.7546974165665046,-1.4725408752265423,-1.3954254465516998,1.216900386704505,0.7935992744455533,2.248571607281468,0.3773383416452951,1.0542911507073518,0.07708971833108202,-0.7112630728850793,-0.3727517772508276,-1.6143418331668766,0.8378817232525886,-3.1394564467316393,0.7809149833777875,0.9149332191303284
-1.986212983907528,-0.6205402027462037,0.5303907276746315,-4.023961214191643,-2.171246233443637,-1.0069838357829475,-0.02457841679664273,0.47658189692266417,-1.8849275046636982,0.4518390909019648,-0.8153599723503602,0.2971408175823125,-0.34282289479075717,-0.7353361906006366,-2.997844604071564,-1.933954472214122,-1.314166540406824,-1.3429156512124467,1.0292003026967496,-0.1816835843676417,1.4982588401118107,-1.130747501260177,0.7425442367089945,0.395206677023699,-1.0451631089309739,-1.2113424884919717,0.41644848041963334,0.17535868485222622,1.5600017753931836
-1.7197318226513003,-1.0628555543722915,4.029132593691276,-3.548001509823564,-2.823794886891587,-0.8914449307893922,-6.010630023228703,-5.827127667137391,-6.104217142449016,-1.7349211427571198,6.957850673192841,-0.27260454036008913,10.026501002950704,-4.06408617019301,2.2600037627338954,5.727195853026178,12.435960145077047,-3.017594276456249,10.248586893934458,-1.0521953540009419,7.989195621028142,1.3228682719288385,7.51580871535557,-0.43483030888290347,1.7103553650893288,-1.0848863866124883,0.06795768877089786,-0.5173761963770876,-1.990034099497334
0.29451369559311547,-1.0167063040629634,2.0631120596922736,4.447221250474414,-3.4060934540328986,-1.8020966902880593,0.03993053961964158,1.1493116008767723,0.42467254044741387,0.6432993944002904,-0.823556463187963,-1.4305160570981836,-0.3567697287600783,2.7459386332973734,-0.8601502782188031,-1.6981390893379225,0.9608436284434134,0.6988734993611129,1.6655601654637444,-1.6272762760612354,-0.9621324449383857,-7.464274092904359,0.14294356246482956,-8.17404474935192,3.7256443995638024,-3.512682941377628,0.18200453231901292,-1.8941669566085706,0.27818792002547366
0.21200989330301062,-1.9113771694546595,1.23961352981887,6.107273436758894,-4.185196409415213,-2.214502150396098,-0.7314932917836919,-0.11077206812464153,0.3111227690616343,-0.37389138662802424,0.4232501962322691,-0.414531801527417,-0.23877916867607657,1.6183158353225733,-1.361321882443273,-0.8160741108466376,1.403129278436242,-3.4920564560776426,-5.152660257370165,0.688112015430226,3.4094419678752663,1.6734621765023676,-0.3809164453620002,-1.7504017689928637,-0.010355334283173923,-2.783161244145079,-2.675730926477158,-0.28358478878014937,-0.5489589755498305
0.1644347854774869,-2.1561384078488586,1.7573208345044287,9.04149002557114,-5.787986485456003,-3.0510659002360514,-1.097789152733685,-0.5719957557430502,0.49283195981434635,-0.5430368354203301,0.8722329230853948,-1.0803288296667097,0.29624619713012074,1.8154723429011965,-0.7926823061203232,-1.0247048291205627,0.8447548924358166,-5.8075822366787975,-9.040322229990142,0.50117824919035,5.649098124037717,3.5432578915369053,-0.580070707055657,-1.864924458084977,-0.022286144971864597,-5.499537853841804,-4.101035232796748,-0.46077711396928867,-1.2355365618542948
-1.322518937321833,-0.8013770199453748,1.1414355452768201,0.6890480722644224,-0.4055425091032304,1.1529585577318828,-0.4770569243685582,2.1863707870019655,-1.1266487088553743,0.4886342653660481,-0.13312449814852317,0.11378982045560773,-0.6195675644335118,-1.7174627303096235,0.7110259150738535,-2.465142315670868,1.5823865289610437,0.3399215441607326,0.7206066610605426,-1.7736307242230487,-2.295360036936358,0.7814821624427697,-0.8294063063974156,0.9400853296571908,-1.9144300204685654,0.9190542937901836,-1.3445289200699682,1.3667473681014382,-2.9414656480053667
-1.3598029425552776,-0.9244782802699585,0.4850810147845929,1.6535563014838663,0.3049263504480959,1.107064458383544,-0.7665566985570755,1.9893029175651589,-1.178424684899551,2.4500240086041174,-0.43632333236552867,-0.13817484563914462,-1.8479954443850979,-4.819424989714248,4.595234183573516,-2.2534472732571373,2.166681288699951,-0.4795697260895101,-1.6578448882186394,-4.839968482457933,-2.006902611024812,-2.4788183106591433,0.569518084395706,2.768340279041184,-2.8848707859495226,2.01489186603634,0.26668971437073963,1.4571068191781305,-4.5807783397785276
-1.058569302365391,-0.5797327033474847,0.35452990150075175,1.1408274364069984,-1.3984486718866354,-0.05771609504302802,-0.12861301564798228,-0.16361532122161157,-0.24233326564191707,0.4626625786792362,0.35107548724595183,0.28429776946722185,-1.5071985487309116,1.5339790807204414,-0.056569429688574674,-0.2397922991065179,-0.4755405823435379,0.7465623436878788,1.9593240622511165,-2.399478123385432,-1.9593540786109567,0.3873410866789637,0.47053076042060354,0.8606691744903815,0.08080388275950334,0.5178876513279083,-2.795417485497435,1.522337076570031,-1.829161641163989
-0.13487243010277716,-0.8237586700146751,-1.5154424215867586,0.24861597996194917,1.95950169979624,-0.42248138900554916,0.11139140383131757,0.085024123385242,-0.8285402111192414,-0.21547234763994777,-0.5155244982513967,1.2927480451628388,0.24757017863753877,1.412787524078792,-0.1542225773845914,-1.9653996711348194,-0.035317745050264915,0.254282413107189,0.6500440275376487,0.08726654602877867,-0.04603704077055337,-0.06505336556665094,0.5540464866934471,0.0029196627629255734,-0.35954471789573395,-0.030320062810367997,-1.492844653037837,0.8547111083117234,-0.16132238322465509
0.8245638296988135,0.32694500135028487,1.556346798859959,0.49511759142677386,-2.224101439647373,6.51290664798875,-1.0956431072352935,-0.7919736139345749,4.365481292547516,8.79397248869644,7.461462016937949,6.8849626210191275,-11.528032712625983,12.064432526417527,-1.4851187820813747,10.240750096954894,-0.5736700688729056,-7.203387716468244,4.663398746933238,-5.250845753842947,-1.9177070792594255,1.5619023964605807,0.38744845468291933,0.648781032399696,-1.8085720907048137,0.9383893728953792,1.653732484164264,-0.4090027882925273,-0.01316516883785343
0.5390014235986724,-0.1994476412387334,1.3546974214060024,1.0714880593158365,-2.3941046717324466,0.6829053421644816,-0.9781529942816114,0.3066021729634176,1.3131323695718253,5.219791638150735,3.605038651612298,3.4219434533201434,-4.717240371259976,4.689368798316497,-1.7786987209978402,2.5554112711449957,1.5184809433799382,-2.3607478196587652,0.11792348495277494,-0.5838758971695144,-0.32800877704781184,-0.03585562734268352,-0.2630667626870014,-0.4094051863774062,1.1676540946428429,-1.2326404546812446,-0.13830599743986866,-0.12432275794675288,0.3302354920476564
-0.8775766321777172,-0.7095087095504213,0.766139582446647,-1.528960589366474,-1.6349130873523405,0.5310312471016759,2.951066391574045,-1.7948383191965702,-0.5898851727845553,1.5442987039654956,-0.6152615873072531,0.7508677122126706,-1.0781562788400563,-2.207762267080658,2.1527053079471945,-0.27807307291482686,-2.685726672499986,0.358211599969928,1.8760081389878556,2.325609393017153,1.4144674124800927,0.8154324089382919,0.7090924955133228,-0.35992737916672723,-0.9676410729554025,-0.19315410212655773,-0.1410023019845362,-0.3851068719926508,0.6564202039420644
-1.8811899190540458,-0.9034911709246471,0.3308797999983981,-2.207606575744034,-2.1460795472752308,-0.8048472449627947,0.12982693830212644,0.3581186199242985,-1.4545771664363167,0.7204379709148339,-0.37780768252045793,0.059868913643660704,-0.6028791988282471,-1.205095842158108,1.7604890450642663,0.018907263087203696,0.16151531016607446,0.4092876053070874,1.4838193924965282,1.9599534928923823,0.45800568384690854,0.5663224781240126,-0.938756406058418,-0.362543340287015,-0.8514320211966441,-0.6359900927133537,0.16817395433549176,0.16931507822117092,1.6001202243435841
1.602362991708102,1.0513818206878185,8.54084930201495,-1.4960881880192958,-0.1368419008783171,10.489810088851563,26.90165237581342,-14.791377836093696,3.7455066628361546,3.0038527029387896,-0.1394527583122422,0.4948865492431778,3.1702541371880253,-2.6358593018983902,0.043484439704649575,-0.9193406569426277,3.0415868541060855,-0.7914650278651721,-0.7123928563837181,0.3882309816410693,-0.859683101443815,-0.7564554871407838,-1.557588442528162,-1.8027159280511937,-0.39750188265213837,-1.1716726446647732,-0.6427946858270723,-0.046819683396592086,-0.30836552076721113
9.632185233219253,27.215887624167102,-3.894259697027495,1.1802204820865707,-2.162106199733104,-0.8136725435456283,0.5847843550355729,0.7682907415544691,-1.6386573576900607,-1.7595364785252117,0.8829822804063057,0.6695777677260277,0.35370390883825115,0.37872661858598744,1.307457760456385,-1.8873692478040835,0.08007036328662054,-3.5980798797069453,0.9112427691114002,1.746819237393508,-1.5150688550405222,-0.2133421942156362,2.0654495801171415,-0.561526809718458,-0.1243994507634914,-2.7134984070336294,3.1495244912413396,13.183078596804592,2.426787917441137
12.238483403465448,30.34597034515553,-3.289142769710322,0.3781134822092247,-5.259195690906518,0.094409360971694,-0.06104572151280574,1.0511974390415562,-2.7888051264741347,-0.472508235281328,-0.21321935672904793,0.8715259499059035,-0.5390907111955201,-2.133912552307312,-0.41885167297386616,1.0294360186603524,0.5534172000702912,2.028186008793111,-1.242491400650454,-1.6598312236139916,0.8297424342669594,0.3292562170951278,-1.136320200387103,0.4463230272057956,-0.7509315688443647,2.2719715801295735,-3.2809654251051197,-11.788693971828733,-1.6450671456854096
0.21779542424410342,2.7559966008285817,24.58163993836503,1.5624683080473212,9.708623975732534,1.878971429308145,7.053119550947056,23.096353754486728,-1.3949963915740038,-0.050867725831570815,-0.8008679282867879,3.4838207225801887,5.632150802722631,0.5700235468396262,-0.10383931632551457,3.0152572506035593,-0.24500914666799067,-0.8969967199064842,-0.761644591907849,0.28860654273157416,1.2511928009428783,0.8521924578132928,1.3170843362130644,0.29891734753473237,0.1998430706291381,0.19687956153195768,0.3314551453729844,-0.12208277283236374,0.24257892986137042
1.8211753231148184,5.808298891680585,25.5328549126984,-3.855448180854233,13.039457659018723,-6.865002929184152,-12.539760136416248,-16.275110567954595,2.166699698627213,-4.060830722815355,-2.804063561277986,-2.9399968919207167,-4.601853817291097,1.6328428703660727,1.7457979020157364,-0.8332758591815184,-1.8626964573029698,0.2402556584205192,-1.6985781854659452,-0.6271049523798928,-1.6466272066329595,-0.1498202108359144,-1.4100820782752213,0.09238526618030665,-0.9012747099033778,0.4923968515084377,-0.4908173274910319,-0.14970640077846809,0.7475444857255614
-0.8620340173679335,0.3102762531486559,1.2940497422662838,-0.8246512044230336,-0.5734729641217807,-0.12444697799655462,-0.4374846876939038,0.2782831989757759,-0.1673589499459664,1.953533314376101,1.4692796722881185,1.6086293022137101,-2.722429580633062,1.1927103820963634,-2.1444229932389405,-2.6890974012135063,2.8080762767793033,4.589418302687571,-0.9309464893505447,1.5800489894168308,1.286168219806661,-0.4212526558595121,-1.9767312263042285,3.2038979266069827,3.8157049002918644,-2.2514563962376135,0.2968895472635665,1.1015866962524892,-3.488447691503622
-0.8512101108877267,0.29843896043225243,1.3150511166232661,-0.8268209361294477,-0.5891775904614844,-0.10792188020445947,-0.43614717859337926,0.27128711613342926,-0.2120835657609243,1.949958927776649,1.4484988543397441,1.562642068377069,-2.6886215663607853,1.1705114302088366,-1.9608673393192482,-2.689814600297382,2.58929288509314,4.582564775728703,-0.9920940668160132,1.400515621257242,1.3845966184393195,-0.3704272513711419,-2.0360490136015326,3.10511988249353,4.205225026745454,-2.4548140651566035,-0.11920827996524247,1.4006957618347948,-4.1947516011021335
-1.3418616507951628,-0.05679151286759196,1.7422903375202452,-2.083051807606538,-0.7635472532579162,-0.7599753363153136,-0.8850932618256493,-0.47056006785045157,-0.9175083067918695,0.9498366159388646,-0.23158607865285372,0.6737975698964607,-1.8724359056715272,-1.3065349802098376,-4.582559001062364,-3.5457847684252677,-3.707097476560807,-1.2302150555700144,0.9571861744810986,1.3469865996740344,2.5285517410258267,-2.0909403756290392,2.280505953788569,1.787304555418239,-0.17392147219821963,-0.7665386805256257,0.19911936051169649,-0.41456070152789004,0.6684973202668206
-1.884504781401535,-0.4758306081566618,1.4688381444944663,1.694858965750224,-1.3994484259581776,2.5095723998691697,-4.755728179148397,-3.6433997002867526,-3.7196007184161752,3.1622648013642234,20.17126699815596,6.17163325124286,14.469230013437938,0.34615592901354664,-0.32628263423034154,-1.1334540669755981,-6.455921803883924,3.503981884899342,-4.557262298569581,-1.0415921879991317,-4.047878178566152,-2.4790744179591413,-3.6284168843564983,1.1920778855459075,0.30015863249018443,2.7137533776151903,-1.1418288904270102,0.13318298863391329,2.251902647115847
-0.8238980260595253,0.2949801682646406,1.2183075072811456,-0.7710835190605929,-0.5353407882414671,-0.11570908197209395,-0.4020006014555422,0.25409753435745003,-0.14938719128873917,1.765792681991288,1.3232402739961397,1.4464994571084355,-2.4274509132871924,1.0545514741525526,-1.8892154735593336,-2.327863801797661,2.420648908255907,3.905573224843368,-0.7834572528457585,1.3369840869207064,1.0563530005302377,-0.3479117335996586,-1.5899865114249563,2.567318151260808,2.9371238883018416,-1.706955835309757,0.2760164199350555,0.7951466871256797,-2.494924356522887
19.410511173669857,-3.753818066830881,1.4136140010497231,0.49587436024554193,-3.2273462184564123,0.28206990436097384,-6.280734957067207,0.3477630647887763,8.28080612737107,20.023160308970034,-7.630551374910945,-10.81893988538235,10.554697917948056,0.7353966791698613,-2.3062302815414566,1.0547992556297925,-0.9272919485813699,1.601269502962659,1.9448639114544044,1.7412257457623925,-0.5054653518760246,1.2966465457277945,-0.848104980530078,1.3474574418264171,-1.5565541780783618,-0.6170342943006157,0.35353627295540335,0.6559701293371256,-0.5272305310957364
27.19769370933306,-11.779744123145289,-0.7436205217384431,-1.4740857911935246,-2.9771854395134962,-0.8806714979034203,-2.6314269422074537,-1.8649500586020222,1.8415394589089598,-6.859854553516964,-7.51163609735246,21.332784523296752,2.29022586622247,-2.095620285529671,1.9360114729037796,-0.4437812127049793,0.4652688133719207,0.21005687681579738,-0.4714980673350311,-0.6026334394092036,-0.7973477811027816,-0.29347027722188435,0.3317764416326112,-0.46397649344676883,0.5620111312656466,0.011753602148333098,0.5730905802186385,0.21851250410017364,0.21035089444349173
27.678106898524618,-10.817576570401824,-1.2493420431053144,-3.4843860434444562,4.6425767039290005,-3.149966443382262,5.880862944679235,3.1095651054213214,-7.503064617829654,-7.071491699432318,12.884129068232703,-13.871746353013755,-8.156557277966293,-0.7916771803076761,-1.2943699691759512,0.6991846032838029,-0.26349643432333986,0.06567407616162971,0.029668499585820185,-0.19799505405025494,-0.2338400808859051,-0.677870312838468,-0.1343598292079501,0.4741589742847596,-0.38727208627484516,0.03120141641795149,-0.02634266030062095,-0.03101784107241648,0.13439471230728045
-1.4138288483498878,-0.7752995671329634,0.9574936558071966,0.5043687644823204,-1.3105710806377886,0.34292357884943764,-0.7188750995708407,1.1210738663059348,-0.8845503069162601,4.078513197268599,2.39159704905246,1.7667978019510504,-4.4706029003481085,-3.2476034087973575,7.119485385432972,0.005369870458092257,-2.1059725169801284,2.938042163524073,1.498409550772953,7.688169076441526,0.34734476176960594,2.310422854444853,0.686561892838107,-2.2690977892854964,1.4731673730865906,-0.8951821168606391,-1.626208986472005,-0.5667872662880159,1.1374230519191637
-0.7613667981082286,-0.749605064099351,0.4438281470076222,-0.448715095173189,-1.023459425277722,1.1058700345031653,-0.6831348553517864,0.6631919505741988,-0.03868792749492744,4.375130852428068,2.449563224293978,1.7066485200077934,-5.034481450830097,-2.8838871976590577,8.410256560947442,0.999883887423,-3.685609044110118,3.3126188836519894,1.5693928631997787,7.199918274776319,1.3857989664275878,2.799786175218273,1.4133766046976632,-2.801189652803974,0.6647253642514458,-0.5530181141060296,-2.179004308626642,-0.5309423391739225,1.2538006412359892
-1.1508091198390553,-0.731389490176992,0.1873442662823831,1.1732766848207676,-0.3295409554321457,0.28131916756352093,-0.8357535794772379,0.6623782734649017,-0.7329729392741147,6.160448538509747,2.037877242658894,1.525921706700279,-5.74007967430428,-6.266865928452429,11.28394940451088,0.5680436687324021,-2.1996851854496255,1.9971304251222008,-0.9689027447175669,4.5731583868002375,0.9716742053625506,-0.8611180088259425,2.285647307330745,-0.6088724963087099,0.6931625615344523,0.2701685380072565,0.30612911764086537,-0.5803528700891487,-0.7825601351177619
-0.29987212714578104,-0.8887104752674897,0.5524384391718488,0.6671003701284047,-1.0309741961825865,4.265424845325976,-1.0919701522114607,0.11522522810832983,-0.40627426122553134,0.26112960220772435,-0.3668709020870914,-1.2605056853722865,-1.3600616140067545,-1.9069049995498242,0.7170306697793365,-8.179096702695283,-0.40380587342194746,0.10696712703096384,1.8509625481996093,-7.476619146603502,-1.6976939642155,9.767663001263752,0.7698685121339627,-1.0509997556206332,6.945241473517766,-0.9989388990146149,2.165340794935017,-2.4398639412165757,5.093433391703625
-0.7503373241508424,-1.2349758213414916,1.1727014489666616,0.6658235080960409,-0.30527936697349195,6.056507225870308,-1.4682018971045483,2.1370261374890225,-1.0410131810144647,-0.25096168124960005,-0.5109117461590253,-1.0152524709729411,-0.794409064022346,-2.7357319752795184,0.7575498173874398,-6.783084326874,0.6605684694530156,-0.24402239621636385,1.8210471896370142,-5.21277887060371,-2.800858449109745,6.022179473046462,-0.42014326353922615,-0.3434184598160843,0.011640893875495661,0.4240360382029592,0.8741907523657526,0.0790772622614421,-1.7986462797933087
0.35473533823543735,-0.719624676279395,0.5954547581597147,0.21389334703746013,-0.7362645882995384,13.477293325779259,-4.593743917234417,0.978096300908541,0.04935124972888043,-1.6607016440579796,0.39532474450640237,-2.2661210423033293,-0.3377193088608556,-0.2219440289545842,1.099001076010418,-7.1122535303813486,-0.18964660563186542,-0.7782524892030034,1.9463497539572163,-4.082476464193743,-0.1117652320195116,4.956992692182753,-0.1675756725660953,-1.0972162319618084,-0.46568791445705,0.5976701495148105,0.7750371505733851,-0.2265623122953911,-0.12814652135728166
1.2909544540022142,-0.8940352315124938,0.34216921608633244,0.05776348254256641,-1.4369050677003605,27.345723026416515,-9.395619218274904,0.5688365229033528,-0.1822661289964716,-8.206196444819499,-2.983047714376193,-4.203842354174517,0.28820257490787743,2.4625497369040206,0.5844299868565438,1.2545775356440516,0.25518252214678505,-1.3839014196137274,-2.4238346424808186,6.158828250320082,3.1233979776779552,-6.437506014086036,-1.9088720652878326,0.24561615574980974,-1.2672379645572749,0.22263742107866105,-0.07386975731252193,0.1627497390475802,0.15827382851325594
